sequence,label
MLVTGLEILKKAREEGYGVGAFNVNNMEFLQAVLEAAEEQRSPVILALSEGAMKYGGRALTLMAVELAKEARVPVAVHLDHGSSYESVLRALRAGFTSVMIDKSHEDFETNVRETRRVVEAAHAVGVTVEAELGRLAGIEEHVAVDEKDALLTNPEEARIFMERTGADYLAVAIGTSHGAYKGKGRPFIDHARLERIARLVPAPLVLHGASAVPPELVERFRASGGEIGEAAGIHPEDIKKAISLGIAKINTDTDLRLAFTALIREALNKNPKEFDPRKYLGPAREAVKEVVKSRMELFGSVGRA,00000000000000000000000000000000000000000000000000000000000000000000000000000101100000000000000000010000000000000000000000000000010100000000000000000000000000000000000000000000010000000000000000000000000000010000000000000000000000000000000000000000101000000000000000000000000000000000000000000000000000000
KSGGKKFILELIETVYEEILDLEANLRNGQQTDSTAMWEALHIDDSSYDVNPFISMLSFDKGIKIMPRIFNFLDKQQKLKILQKIFNELSHLQIIILSSYKTTPKPTLTQLKKVDLFQMIILKIIVSFLSNNSNFIEIMGLLLQLIRNNNVSFLTTSKIGLNLITILISRAALIKQDSSPEISTWNEIYDKLFTSLESKIQLIFPPREYNDHIMRLQNMDEAYIWQFLASLALKLNHQRIIIDEVRDEIFATINEAETLQIIYNKEKLYQDLNLFLNVM,000000000000000000000000000000000000000000000000000000000000000000000000000000000000000000000000000000000000000000000000000000000000000000000000000000000000000000000000000000000000000000000000000000000000000000000000000010000000000000000000000000000000000000000000000000000000000
IITTAFEVRPLTSALGAEIHGVRLEDITDADFAELRRLLLKHLVIFIPDQEGWSAESRIAFGRRFGELEEHAYLPHLDGHPQIQIIDSEQNKIPIWHTDMTYAPNPPIGSVLQIVDGPAQGGDTMWSNQYLAYEGLSAPLRDLLDGLTAVHSIHIPGLDSQAEHPVVRVHPETGRRALFVNRAHTSHIAQLNRNESDALLQYLYRFSTSPEFTCRYQWRPGSVAIWDNRVTQHYAVDDYSEHRRGLRVVVLGDTPSGDKPRWDHYRPVPGQRYVPDWVNAKEAY,00000000000000000000000000000000000000000000000000000000000000000000000000010000000000000000000010100000000000000000000000000000000000000000000000000000000000000000000000000000000000000000000000000000000000000000000000000000000000001000000000000000000000000000000000000000000000000000
KNRPNRLIVDEAINEDNSVVSLSQPKMDELQLFRGDTVLLKGKKRREAVCIVLSDDTCSDEKIRMNRVVRNNLRVRLGDVISIQPCPDVKYGKRIHVLPIDDTVEGITGNLFEVYLKPYFLEAYRPIRKGDIFLVRGGMRAVEFKVVETDPSPYCIVAPDTVIHCEGE,000000000000000000000000000000000000000000000000000000000000000000000000000000000000000000000100000000000000000000000000000000000000000000000000000000000000000000010000
DVQPAARGSIVDRNNDRLAFTIEARAAERQDLRQYPGGSLAANVVGGIDWDGHGLLGLEDSLDAVLAGTDGSVRHKAVHGSTVVLTLDNDIQFYVQQQVQQAKNLSGAHNVSAVVLDAKTGEVLAMANDNTFDPSQDIGRQGDKQLGNPAVSSPFEPGSVNKIVAASAVIEHGLSSPDEVLQVPGSIQMGGVTVHDAWEHGVMPYTTTGVFGKSSNVGTLMLSQRVGPERYYDMLRKFGLGQRTGVGLPGESAGLVPPIDQWSGSTFANLPIGQGLSMTLLQMTGMYQAIANDGVRVPPRIIKATVAPDGSRTEEPRPDDIRVVSAQTAQTVRQMLRAVVQRDPMGYQQGTGPTAGVPGYQMAGKTGTAQQINPGCGCYFDDVYWITFAGIATADNPRYVIGIMLDNPARNSDGAPGHSAAPLFHNIAGWLMQRENVPLGPPLVLQAT,0000000000000000000000000000000000000000000000000000000000000000000000000010000000000000000000000000000000000000000000000000000000000000000000000000000000000000000000000000000000000000000000000000000000000000000000000000000000000000000000000000000000000000000000000000000000000000000000000000000000000000000000000000000000000000000000000000000000000000000000000000000000000000000000000000000000000000000000000000000000000000100000000000000000000000
PAAAQRPYSDPSDPRTAYFDEVADALERSLKEIGTPYDTAISRVVVDRGEITFHVQREHLLDVATRLRDDPALRFELCLGVTGVHYPEDEGNELHAVYALRSITHNYEIRLEVSCPDSDPHIPSIVSVYPTNDWHEREAWDFFGIIFDGHPALT,0000000000000000000000000000000000000000000000000000000000000000000000000000000000001000000010000000000000000000000010000000000000000000000000000000000000
MLKIGVLVSGRGSNLQAIIDAIESGKVNASIELVISDNPKAYAIERCKKHNVECKVIQRKEFPSKKEFEERMALELKKKGVELVVLAGFMRILSHNFLKYFPNKVINIHPSLIPAFQGLHAQKQAVEFGVKFSGCTVHIVDESVDAGPVIVQAVVPVLPEDDENTLADRILKWEHKILPQTVQWFAQDRIIIDGRKVIVKDATYGTLPVNPALEIF,000000000001110000000000000000000000000000010011000011000000000000000000000000100000001000000000000000000010100000000000000000000010000000000000100000000000111000000000000000000000000000000000000000000000000000000000
NMVKIVTVKTQAYQDQKPGTSGLRKRVKVFQSSANYAENFIQSIISTVEPAQRQEATLVVGGDGRFYMKEAIQLIARIAAANGIGRLVIGQNGILSTPAVSCIIRKIKAIGGIILTASHNPGGPNGDFGIKFNISNGGPAPEAITDKIFQISKTIEEYAVCPDLKVDLGVLGKQQFDLENKFKPFTVEIVDSVEAYATMLRSIFDFSALKELLSGPNRLKIRIDAMHGVVGPYVKKILCEELGAPANSAVNCVPLEDFGGHHPDPNLTYAADLVETMKSGEHDFGAAFDGDGDRNMILGKHGFFVNPSDSVAVIAANIFSIPYFQQTGVRGFARSMPMSGALDRVASATKIALYETPTGWKFFGNLMDASKLSLCGEESFGTGSDHIREKDGLWAVLAWLSILATRKQSVEDILKDHWQKYGRNFKMMKDLEALMFDNFEYSDPVDGSISRNQGLRLIFTDGSRIVFRLTIRLYIDSYEKDVAKINQDPQVMLAPLISI,0000000000000000000000000000000000000000000000000000000000000000000000000000000000000000000000000000000000000000000001000000000000000000000000000000000000000000000000000000000000000000000000000000000000000000000000000000000000000000000000000000000000000000000000000000000000000000000000001010100000000000000000000000000000000000000000000000000000000000000000000000000000000000000000000000000000000000000000000000000000000000000000000000000000000000000000000000000000000000000000000000000000000000000
RSYNDELQFLEKINKNCWRIKKGFVPNMQVEGVFYVNDALEKLMFEELRNACRGGFLPAMKQIGNVAALPGIVHRSIGLPDVHSGYGFAIGNMAAFDMNDPEAVVSPGGVGFDINCGVRLLRTNLDESDVQPVKEQLAQAMFDHIPVGVGSKGVIPMNAKDLEEALEMGVDWSLREGYAWAEDKEHCEEYGRMLQADPNKVSARAKKRGLPQLGTLGAGNHYAEIQVVDEIFNEYAAKKMGIDHKGQVCVMIHSGSRGLGHQVATDALVAMEKAMKRDKIIVNDRQLACARIASPEGQDYLKGMAAAGNYAWVNRSSMTFLTRQAFAKVFNTTPDDLDLHVIYDVSHNIAKVEQHVVDGKERTLLVHRKGSTRAFPPHHPLIAVDYQLTGQPVLIGGTMGTCSYVLTGTEQGMTETFGTTCHGAGRALDFQDVLDKLADMGIAIRVASPKLVMEEAPESYKNVTDVVNTCHDAGISKKAIKLRPIAVIKG,0000000000000000000000000000000000000000000000000000000000000000000000000000000000000000000000000000000000000000100100000000000000000000000000000000000000000000000000000000000000000000000000000000000000000000000000000000100000000000000000000000000000001000000000000000000000000000000000000000000000000000000000000000000000000000000000000000000000100000000000000000000000000000000000000000000000000000000000000000000000000000000000000000000000000000000000000000000000000000000000000000000000
ARHFVLNTGAKIPSVGLGTWQSDPGVVGDAVYTAVKAGYRHIDCAKVYGNEKEIGLALKKLFEEGVVKREDLFITSKLWNDRHAPEDVPEALNESLTDLQLDYLDLYLIHWPFRVKKGTNTSPENFITPDIPATWGAMEKCYDAGKARAIGVSNFSSKKLGDLLAVARVHPAVDQVECHPGWQQTKLHNFCQSTGVHLTAYSPLGGNVLKEPVIISIAEKLGKTPAQVALRWNIQMGHSVLPKSTNEERIKQNLDVYDWSIPDDLLAKFSEIKQARLLRGNFIVNPQSVYKTHEELWDGEL,0000000000000000000000000000000000000000000000000000000000000000000000000000000000000000000000000000000000000000000000000000000000000000000000000000000000000000000000000100000000000000000000000000000000000000000000000000000000000000000000000000000000000000000000000000000000000000000000000000000000000
EFPEITEEMEKEIKNVFRNGNQDEVLSEAFRLTITRKDIQTLNHLNWLNDEIINFYMNMLMERSKEKGLPSVHAFNTFFFTKLKTAGYQAVKRWTKKVDVFSVDILLVPIHLGVHWCLAVVDFRKKNITYYDSMGGINNEACRILLQYLKQESIDKKRKEFDTNGWQLFSKKSQEIPQQMNGSDCGMFACKYADCITKDRPINFTQQHMPYFRKRMVWEILHRKLL,0000000000010000000000000000000000000000000000000000000000000000000000000000000000000000000000000000000000000000000000000000000000000000000000000000000000000000000000000000000000000000000000000000000000000000000000000000010000
MNDSEFHRLADQLWLTIEERLDDWDGDSDIDCEINGGVLTITFENGSKIIINRQEPLHQVWLATKQGGYHFDLKGDEWICDRSGETFWDLLEQAATQQAGETVSFR,0010000000000000000000000000000000000000000000000000000001000000000000000000000000000000000000000000000000
EQQYDVHGNVISAAVYQKFHVYGPEDMVFDGDAGGLTIPGAGAFWGTLFTSDLQRLYKDTVSFQYNALGTYLNINFFDSSGGFLGHIQAGAVSAVVGVGGGSGSWHNWEVA,000000000000000000010000000001010000000000000000000000000000000000000000000000000000000000000000000000000000000
MENPLQKARILVNQLEKYLDRYAKEYDVEHLAGPQGHLVMHLYKHPDKDMSIKDAEEILHISKSVASNLVKRMEKNGFIAIVPSKTDKRVKYLYLTHLGKQKATQFEIFLEKLHSTMLAGITKEEIRTTKKVIRTLAKNMAMEDFDS,000000000000000000000000000000000000000000000000000000000000000000000000000000000001100000000000000000000000000000000000000000000000000000000000000
KCQLRFASLGDWGKDTKGQILNAKYFKQFIKNERVTFIVSPGSNFIDGVKGLNDPAWKNLYEDVYSEEKGDMYMPFFTVLGTRDWTGNYNAQLLKGQGDATNYPKWIMPNYWYHYFTHFTVSHKDLAAAFIFIDTWVLSSNFPYKKIHEKAWNDLKSQLSVAKKIADFIIVVGDQPIYSSGYSRGSSYLAYYLLPLLKDAEVDLYISGHDNNMEVIEDNDMAHITCGSGSMSQGKSGMKNSKSLFFSSDIGFCVHELSNNGIVTKFVSSKKGEVIYTHKLNIKKKKTLDKVNALQHFAALPNVELTDVPSSGPMG,000000000000000000000000000000000000000000000000000000000000000000000000000000000000000000000000000000000000000000000000000000000000000000000000000110000000000000000000000000000000000000000000000000000000000000000000000000000000000000000000000000000000000000000000000000000000000000000000000000000000000000000000000
SIMKILLIGDSGVGKSCLLVRFVEDKFNPIDFKIKTVDINGKKVKLQIWDTAGQERFRTITTAYYRGAMGIILVYDITDERTFTNIKQWFKTVNEHANDEAQLLLVGNKSDMETRVVTADQGEALAKELGIPFIESSAKNDDNVNEIFFTLAKLIQEKIDS,00000000001111111000000000101000000000000000000000000000000000000000000000000000000000000000000000000000000110110000000000000000000000001110000000000000000000000
TSARDLLREMARDKPRLLAALEVASAAMAKEEAAGGEQDALDLYQHSLGELLLLLAAEPPGRRRELLHTEVQNLMARAEYLKEQVKM,000000000000000000000000000000000000000000000100010000000000000000000000000000000000000
AEFLAKISHEIRTPMNGVLGMTELLLGTPLSAKQRDYVQTIHSAGNELLTLINEILDISKLESGQIELDEVQFDLNALIEDCLDIFRVKAEQQRIELISFTQPQVPRVIGGDPTRLRQVVLSLLDNAFKQTEEGEILLVVALDDQGETPRLRIAVQDSGHPFDAKEREALLTAELHSGDFLSASKLGSHLGLIIARQLVRLMGGEFGIQSGQGTTLSLTLPLDPQ,000000000000000000000010000000000000000001000000000000000000000000000000000000000000000000000000000000000000000000000000000000000000000000000000000000000000000100000100000000000000000000000000000000000000000000000000000000000
NYKEKLQQYAELLVKVGMNVQPKQPVFIRSSVETLELTHLIVEEAYHCGASDVRVVYSDPTLKRLKFENESVEHFANHEIKSYDVEARMDYVKRGAANLALISEDPDLMDGIDSQKLQAFQQQNARAFKGYMESVQKNQFPWVVAAFPSKAWAKRVYPELSVEEAYIKFIDEVFDIVRIDGNDPVENWRQHIANLSVYAQKLQQKNYHALHYVSEGTDLTVGLAKNHIWEDATSYVNGKEQAFIANIPTEEVFTAPDRNRVDGYVTNKLPLSYNGTIIDQFKLMFKDGEIIDFSAEKGEAVLKDLINTDEGSRRLGEVALVPDDSPISNRNTIFYNTLFDENAACHLAIGSAYAFNIQGGTEMTVEEKIASGLNDSNVHVDFMIGSSDLTIYGIFEDGSKELVFENGNWASTF,00000000000000000000000000000000000000000000000000000000000000000000000000000000000000000000000000000000000000000000000000000000000000000000000000000000000000000000000000000000000000000000000000000000000000000000000000000000000000000000000000000000001000000000000000000000000000000000000000000000000000000000000000001010000000000000000000001000010000001000000000000000000000000010100000000000000000000000000000000
ALLEIIHYPSKILRTISKEVVSFDAKLHQQLDDMYETMIASEGIGLAAIQVGLPLRMLIINLPQEDGVQHKEDCLEIINPKFIETGGSMMYKEGCLSVPGFYEEVERFEKVKIEYQNRFAEVKVLEASELLAVAIQHEIDHLNGVLFVDKLSILKRKKFEKEL,0000000000000000000000000000000000000000000000000100000000000000000000000000000000000000000000100000000000000000000000000000000000000000110010000000000000000000000
EFTVSTTEDLQRYRTECVSSLNIPADYVEKFKKWEFPEDDTTMCYIKCVFNKMQLFDDTEGPLVDNLVHQLAHGRDAEEVRTEVLKCVDKNTDNNACHWAFRGFKCFQKNNLSLIKASIK,000000000000000000000000000000000000000000000000000000000000000000001000100001000000000000000000000000000000000000000000
AWKVSVDQDTCIGCAICASLCPDVFEMNDEGKAQPKVEVIEDEELYNCAKEAMEACPVSAITIEEA,000000000000000000000000000000000001010000000000000000000000000000
GSMKPYKELERVFTKLYRYGHMLLLADWDSHTMMPCKGSDARGAAMAELQLHMHDTITAPKIRALIEEAEKSVGDLEKLQRANLREMRRAWELENLLPEEFVERKTVLTLPTLKELIALFREEGKLRAGNSGKHPYEALVDIYEPGMTLQRLDEIFGNVRSWLPELLKEVQEKQKALGETVLEPKGPFPVSKQEALCRFFMDVWKFDFDGGRLDVSAHPFCGNSKEDVRITTKYTETEFVTSLLGVIHETGHAKYEQNCGPKGFETQPVCMARSLGVHEGQSLFAEMQIGRSGAFMEFLAPRLVEYFGDQPAFTSSNMKRVIQRVSPGLIRIDADELCYPLHVMLRYEIERDLMDGNIEAEEVPRVWNEKMKSYLGLETLGNDKEGCLQDVHWSGGMFGYFPTYSLGAMVAAQLMSCVRRELGEEVVDDCIRKGDLGKILAKQNEKIWQHGSSLTTDELLRQATGETLNPEHYRRHLERRYRD,000000000000000000000000000000000000000000000000000000000000000000000000000000000000000000000000000000000000000000000000000000000000000000000000000000000000000000000000000000000000000000000000000000000000000000000000000000000000000000000000000000010001000000000000000000000000001001000000000000000000000000000000000000000000000000000000000000000000000000000000000000000000000000000000000000000000000000000000000000000000000000000000000000000000000000000000000000000000000000000000000
MKTINSVDTKEFLNHQVANLNVFTVKIHQIHWYMRGHNFFTLHEKMDDLYSEFGEQMDEVAERLLAIGGSPFSTLKEFLENASVEEAPYTKPKTMDQLMEDLVGTLELLRDEYKQGIELTDKEGDDVTNDMLIAFKASIDKHIWMFKAFLGKAPLE,100000000000001000000000000000000000010010000000000000100100000000000000000000000000000000000000000000000000000000000100100001000100000000000000000000000000
FVVPDITTRKNVGLSHDANDFTLPQPLDRYSAEDHATWATLYQRQCKLLPGRACDEFMEGLERLEVDADRVPDFNKLNQKLMAATGWKIVAVPGLIPDDVFFEHLANRRFPVTWWLREPHQLDYLQEPDVFHDLFGHVPLLINPVFADYLEAYGKGGVKAKALGALPMLARLYWYTVEFGLINTPAGMRIYGAGILSSKSESIYCLDSASPNRVGFDLMRIMNTRYRIDTFQKTYFVIDSFKQLFDATAPDFAPLYLQLADAQPWGAGDVAPDDLVL,0000000000000000000000000000000000000000000000000000000000000000000000000000000000000000000000000000000000000000000000000000000000010000100000000000000000000000000000000000000001000000000000000000000000000000000000000000000000000000000000000000000000000000000000000000000000000
VQATREDKFSFGLWTVGWQARDAFGDATRTALDPVEAVHKLAEIGAYGITFHDDDLVPFGSDAQTRDGIIAGFKKALDETGLIVPMVTTNLFTHPVFKDGGFTSNDRSVRRYAIRKVLRQMDLGAELGAKTLVLWGGREGAEYDSAKDVSAALDRYREALNLLAQYSEDRGYGLRFAIEPKPNEPRGDILLPTAGHAIAFVQELERPELFGINPETGHEQMSNLNFTQGIAQALWHKKLFHIDLNGQHGPKFDQDLVFGHGDLLNAFSLVDLLENGPDGAPAYDGPRNFDYKPSRTEDYDGVWESAKANIRMYLLLKERAKAFRADPEVQEALAASKVAELKTPTLNPGEGYAELLADRSAFEDYDADAVGAKGFGFVKLNQLAIEHLLGAR,00000000000000000000000000000000000000000000000000000000000000000000000000000000000000000000000000000000000000000000000000000000000000000000000000000000000000000000000000000000001000000000000000000000000000000000001001000000000000000000000000100000000010100000000000000000000000000000000001000000000000000000000000000000000000000000000000000000000000000000000000000000000000000000000000000000
SSKKVTLSVLSREQSEGVGARVRRSIGRPELKNLDPFLLFDEFKGGRPGGFPDHPHRGFETVSYLLEGGSMAHEDFCGHTGKMNPGDLQWMTAGRGILHAEMPCSEEPAHGLQLWVNLRSSEKMVEPQYQELKSEEIPKPSKDGVTVAVISGEALGIKSKVYTRTPTLYLDFKLDPGAKHSQPIPKGWTSFIYTISGDVYIGPDDAQQKIEPHHTAVLGEGDSVQVENKDPKRSHFVLIAGEPLREPVIQHGPFVMNTNEEISQAILDFRNAKNGFERAKTWKSKIGN,000000000000000000000000000000000000000000000000000001010000000000000000000000000000000000000000001010000000000000000000000000000000000000000000000000000000000000000000000000000000000000000000000000000000000000000000000000000000000000000000000000000000000000000000000000000000000000000000
IKEMPQPKTFGELKNLPLLNTDKPVQALMKIADELGEIFKFEAPGRVTRYLSSQRLIKEACDESRFDKNLSQALKFVRDFAGDGLATSWTHEKNWKKAHNILLPSFSQQAMKGYHAMMVDIAVQLVQKWERLNADEHIEVPEDMTRLTLDTIGLCGFNYRFNSFYRDQPHPFITSMVRALDEAMNKLQRANPDDPAYDENKRQFQEDIKVMNDLVDKIIADRKASGEQSDDLLTHMLNGKDPETGEPLDDENIRYQIITFLIAGHETTSGLLSFALYFLGKNPHVLQKAAEEAARVLVDPVPSYKQVKQLKYVGMVLNEALRLWPTAPAFSLYAKEDTVLGGEYPLEKGDELSVLIPQLHRDKTIWGDDVEEFRPERFENPSAIPQHAFKPFGNGQRACIGQQFALHEATLVLGMMLKHFDFEDHTNYELDIKETLTLKPEGFVVKAKSKKIPL,0000000000000000000000000000000000000000000000000000000000000000000000000000000000000000000000000000000000000000000000000000000000000000000000000000000000000000000000000000000000000000000000100000000000000000000000000000000000000000000000000000000000000000000000000000000000000000000000000000000000000000000000000000000000000000000000000000000000000000000000000000000000000000000000000000000000000000000000000000000000000000000000000000000000000000000000
KTKEDMQELYFPTPKLIEWENGVRQYSTVRGDTEVLMSYVPPHTNVEPHQHKEVQIGMVVSGELMMTVGDVTRKMTALESAYIAPPHVPHGARNDTDQEVIAIDIKRLKADETYTSPEDYFLDIFKTRDLLPGMEVTFFVEDWVEIMLAKIPGNGGEMPFHKHRNEQIGICIGGGYDMTVEGCTVEMKFGTAYFCEPREDHGAINRSEKESKSINIFFPPRYNR,00000000000000000000000000000001000000000000000010100010000000000000000000000000000000000100000000000000000000000000000000000000000000000000000000000000010000001010011000000000000000000000000000010000100000010000000010000000
APGDIEDMIKAGIPGARVTIRDLAGDGDHYAAEVVAEAFRGKTRVQQHQMVYNALKGNMGGILHALALQTSAPE,00000000000000000000000000011000000000000000000000000000000000010000000000
LDMPIMHDSDRYDFVKDIGSGNFGVARLMRDKLTKELVAVKYIERGAAIDENVQREIINHRSLRHPNIVRFKEVILTPTHLAIIMEYASGGELYERICNAGRFSEDEARFFFQQLLSGVSYCHSMQICHRDLKLENTLLDGSPAPRLKICDFGYSPAYIAPEVLLRQEYDGKIADVWSCGVTLYVMLVGAYPFEPRDYRKTIQRILSVKYSIPDDIRISPECCHLISRIFVADPATRISIPEIKTHSWFLKNLPADQSLDTIMQIISEATIP,00000000000000000000000000000000000000000000000000000000000000000000000000000000000000000000000000000000000000000000000001000111010000000000000000000000000000000000000000000000000000000000000000000000000000000000000000000000000000000000000000000000000000000000000000000000
SATTSLPENVIMHTTLGDIHMKLYPEECPKTVENFTTHCRNGYYDNHLFHRVIRGFMIQTGDPLGDGTGGQSIWGREFEDEFHKSLRHDRPFTLSMANAGPNTNGSQFFITTVATPWLDNKHTVFGRVVKGMDVVQGIEKVKTDKNDRPYQDVKILNVTV,0000000000000000000000000000000000000000000000000000000000000000000000000000000000000000000000000000000000000000000000000000000000111000000000000000000000000000
EGRREQLIAQVESILASAADGRVQKTKETQSVDFKEEAGRRNGPQIEPGKPENPEAADKLADEVACMANTPGGGALIVGIEDKTGRIIGTELDIDWLRQGIFTRIDVAPDVVAKRVLGQRVLAIYVAAAAEPIEDTSDRLRWRVGDSCRPVDRAEWWEYQRAQSGFDPMAQVTTATLGDARPAALALARKWDPAFAELTDEELLRGIGALDAEGFLSQAGKLLFTSLDRTAIELSIFDVHGGQVLNRVVPEPEKSCLEQLDYLEQALNVVNKNVPEIPRLAVREAMLNAMIHRDWNRSEPIDVRWIELDSTLIVRSPGGFPAAITSENVLSNRAARYPALADLYRALGLVDKQGVGVDRMYQAMIALGHRPPTIEEIAGPFVETTLVGGRPVLPVLELVSSIVPEARQDDYRIAIVLYLLFQRPFITIDVVARGLQSGKEAARNALEAARQTTVAGAPLIIAHDGVWLLGNACREIL,000000000000000000000000000000001110000000000000000000000000000000000000000000000100000000000000000000000000000000000000000000000000000000000000010000000000000000000000000000000000000000000000000000000000000000000000000000000000000000000000000000000000000000000000000000000000000000000000000000000000000000000000000000000000000000000000000000000000000000000000000000000000000000000000000000000000000000000000000000000000000000000000000000000000000000000000000000000000000000000
APKPIVDIDGKPVLYGVDYFVVSAIWGAGGGGLTVYGPGNKKKCPLSVVQDPFDNGEPIIFSAIKNVKDNIVRESVDLNVKFNITINCNETTAWKVDRFPGVIGWTVTLGGEKGYHGFESTHSMFKIKKAGLPFSYKFHFCPSYPRTRLIPCNNVDIFFDKYRIRRLILTNDAKEFVFIKTNR,000000000000000101000000000000000000000000000000000000000001000000000000000000000010000000000000000000000000000000000000000000000000000000000000000000000000000000000000000000000000010
GANDYVPSPITINTSTLPVVVIGPADAHTYPRVIGELTGTSNQYIFNGGSLIALMRGKFTPTLPKIGKITYNFRQQSSDFDIFDTGVPGLGIIIGMAGYWPATPLVPINSSSIYIDPVAANTNPNAYNGATGSFGARLYVAFVATGRLPNGYVTIPTKQLGHILLESNRASLNNKRLTAPVMLNGGRAHHHHHH,00000000000000000000000000010000000000000000000000000000000000000000000000000000000000000000000000000000000000000000000000000000000000000000000000000000000000000000000000000000000000000000101101
KQSHFFAHLSRLKLINRWPLMRNVRTENVSEHSLQVAMVAHALAAIKNRKFGGNVNAERIALLAMYHDASAVLTGDLPTPAQEYKAIEKIAQQKLVDMVPEELRDIFAPLIDEHAYSDEEKSLVKQADALCAYLKCLEELAAGNNEFLLAKTRLEATLEARRSQEMDYFMEIFVPSF,000000000000000011000000000000010000000000000000000000000000000000010000000111110000000000000000000000000000000000000000000000010000000000000000000000000000000000000000000000000
MKRDGHTHTEFCPHGTHDDVEEMVLKAIELDFDEYSIVEHAPLSSEFMKNTAGDKEAVTTASMAMSDLPYYFKKMNHIKKKYASDLLIHIGFEVDYLIGYEDFTRDFLNEYGPQTDDGVLSLHFLEGQGGFRSIDFSAEDYNEGIVQFYGGFEQAQLAYLEGVKQSIEADLGLFKPRRMGHISLCQKFQQFFGEDTSDFSEEVMEKFRVILALVKKRDYELDFNTAGLFKPLCGETYPPKKIVTLASELQIPFVYGSDSHGVQDIGRGYSTYC,000001010001010000000000000000000000000100000000000000000000000000000000000000000000000000001000000000000000000000000000001000000000000000001000000000010011000000000000000000000000100010000000000000000000000000000000000000000000000000000000000000000000000001010000000000000
SRPLSEQNPPPVWFGEYLSRLRDTYAPELPPPRQFPDPLGGLIRTILSQQNTRRVAQRQWEVLTATYPQWEAALLDGPDGIEATLKSAGGGLSRMKADYIYGILAHLQEHHGGLSLRFLREFPHTPEGHEQARQALAALPGVGHKTVALVLLFDLRRPAMPVDGNMERAAKRLELVPAAWNSHKVERWYAEVMPADWETRFALHISGVRHGRDTCRSKHPLCPQCPLREFCPSASIFELGEA,00000000000000000000000000000000000000000000000000000000000000000000000000000000000000000000000000000000000000000000000000000000000000000000000000000000000000000000000000000000000000000000000000000000000000000000000000100000000000000000000010
INTMTLDNGVRIITEKMSTVRSVSIGIWVGTGSRYESAEENGISHFLEHMFFKGTNTRSAQEIAEFFDSIGGQVNAFTSKEYTCYYAKVLDDHAGQAIDTLSDMFFHSTFQKEELEKERKVVFEEIKMVDDTPDDIVHDLLSSATYGKHSLGYPILGTVETLNSFNEGMLRHYMDRFYTGDYVVISVAGNVHDELIDKIKETFSQVKPTTYNYQGEKPMFLPNRIVRKKETEQAHLCLGYPGLPIGDKDVYALVLLNNVLGGSMSSRLFQDIREKRGLCYSVFSYHSSFRDSGMLTIYAGTGHDQLDDLVYSIQETTSALAEKGLTEKELENGKEQLKGSLMLSLESTNSRMSRNGKNELLLKKHRSLDEMIEQINAVQKQDVSRLAKILLSASPSISLINANGELPKALIHLE,000000000000000000000000000000000000000000001000100000000000000000000000000000000000000000000000000000000000000000000000000010000000000000000000000000000000000000000000000000000000000000000000000000000000000000000000000000000000000000000000000000000000000000000000000000000000000000000000000000000000000000000000000000000000000000000000000000000000000000000000000000000000000000000000000000000000000000000000000000
MDVLRTPDERFEGLADWSFAPHYTEVTDADGTALRIHHVDEGPKDQRPILLMHGEPSWAYLYRKVIAELVAKGHRVVAPDLVGFGRSDKPAKRTDYTYERHVAWMSAWLEQNDLKDIVLFCQDWGGLIGLRLVAAFPERFSAVVVSNTGLPIGVGKSEGFEAWLNFSQNTPELPVGFILNGGTARDLSDAERSAYDAPFPDESYKEGARIFPALVPITPEHASVEENKAAWAVLETFDKPFVTAFSDADPITRGGEAMFLARVPGTKNVAHTTLKGGHFVQEDSPVEIAALLDGLVAGLPQAHHHHHH,00000000000000000000010010000000000000011000000000000010000000000000000001000000000000000000000000000000000000000000000000110000000000000000000000000000000000010000000000000000000100101100000000000000000000000000000000000000000000000000000000000000000000010000000000000000100000000000000000001000000000000000
AHFPDTPAFTGFNAPSRIECDIPNLVHEGTIPPELNGAFFRVQPDPQFPPRLGDDISFNGDGMITRFHIHDGQCDIKQRWAKTNKWKLENAAGKALFGSYRNPLTDDESVKGEYRSTANTNAFVFAGKLWAMKEDSPSLTMDPATMETFGFEKFGGKMTGQTFTAHPKVDPLTGNMVAIGYAASGLCTDDVCLYEISPDGELIYEAWFKVPYYCMMHDFGVTKDYLVLHIVPSIGSWDRLEKGLPHFGFDTTLPVYLGIIPRRADLKQEDIRWFKRENCFASHVMNAFQEGTKVHVDVPEAENNMFPFFPDVHGAPFNPQQAMSRLTRWTVDMASNSDEFDSVTRLTETAGEFPRIDDRMTGLPYRYGWMLEMDMKRPVELGGFLMNCLFLKDHQTGAEQHWWCGPTSSLQEPAFIPRSKDAPEGDGWIVQVCNRLADHKSDLLIFEALDIEKGPVATVHLPFALRFGLHGNWANAEEIGLAA,000000000000000000000000000000000000000000000000000000000000000000000000000000000000000000000000000000000000000000000000000000000000000000000000000000000000000000000100000000000000000000000000000000000000000000000000100000000000000000000000000000000000000000000000000000000000000000100000000000000000000000000000000000000000000000000000000000000000000000000000000000000000000000000000000000000000000000000000000000000000000000000000000000000000000000000000000000000000010000000000000
LVMSQSPSSLAVSAGEKVTMSCKSSQSLFNSRTRKNYLAWYQQKPGQSPKLLIYWASTRESGVPDRFTGSGSGTDFTLTISSVQAEDLAVYYCKQSYYHMYTFGSGTKLEIK,0000000000000000000000000000000000001110000000000000011000000000000000000000000000000000000000010000000000000000
MFPKSFMFGASLSGFQFEMGNPNDIKELDTQTDWFVWVRDLENLLNGIVSGDLPENGAWYWRNYEKIHQLAVDFGMDTLRIGIEWSRIFPTSTKEIPFGEGMLEKLDEIANKEAVEHYRKMMEDMKAKGLKVFVNLNHFTLPLWIHDPFAVRKGKPTDKLGWVSDDTPKEFAKYAEYIAWKFSDIVDYWSSMNEPHVVAQLGYFQIMAGFPPNYFNPEWYIKSLKNQALAHNLAYDAIKKHTDKPVGVIYSFTWFDTLKPNDEEIFENAMWLANWNYMDQVKDKIDYIGVNYYTRSVIDKLPTPVNFKDFELNWYTVRGYGYACPEGGFALSGRPASEFGWEIYPEGLYYLLKAIYERYNKPLIVTENGIADEKDKYRSQVIISHLYAVEKAMNEGVDVRGYLHWSIIDNYEWAKGYSKRFGLAYTDLEKKTYIPRPSMYVFREIARTRSIDQFKGYDPYNLMKF,000000000000000000000000000000000000000000000000000000000000010100000000000000000000000000000000000000000000000000001001000000000000000000000000000000000000000000000000000000000000000000000000000000000000000000000000000000000000000000000000000000000000000000000000000000000000000000000000000000000000000000000000000000000000000000000000000000000000000000000000000000000000000000000000000000000000000000000000000000000000000000000000000000000000000000000000000000000
TTKQICFADRCFNFAFGEHVLESVESYIPRDEFDQYIMISDSGVPDSIVHYAAEYFGKLAPVHILRFQGGEEYKTLSTVTNLQERAIALGANRRTAIVAVGGGLTGNVAGVAAGMMFRGIALIHVPTTFLAASDSVLSIKQAVNLTSGKNLVGFYYPPRFVFADTRILSESPPRQVKAGMCELVKNMLILENDNKEFTEDDLNSANVYSPKQLETFINFCISAKMSVLSEDIYEKKKGLIFEYGHTIGHAIELAEQGGITHGEAIAVGMIYAAKIANRMNLMPEHDVSAHYWLLNKIGALQDIDPDSIFHYLIEDNLGMILLSGVGKPAMYNQTLLTPVRKTLIKEVIREGL,0000000000000000000000000000000000000000000000000000000000000000000000000000000000000000000000000000000000000000000000000000000000000000000000000000000000000000000000000000000000000000000000000000000000000000000000000000000000000000000000000111110000000000000000000000000100000000000000000000000000000000000000000000001100000000000000000000000000000000
NTMTTDYGTHVRQLLQQGYQISLEYADARRYRTSSWQSGPTLTGQQESQVMAAIAQLLKEHEGEYVRLIGVDPKAKRRVFEEIIQRPG,0000000001000000000000000000000000000000000000000000000000000000000000000000000001000000
NDEREYLRHFWHPVCTVTELEKAHPSSLGPLAVKLLNEQLVVAKLGDEYVAMRDRCAHRSAKLSLGTVSGNRLQCPYHGWQYDTHGACQLVPACPNSPIPNKAKVDRFDCEERYGLIWIRLDSSFDCTEIPYFSAANDPRLRIVIQEPYWWDATAERRWENFTDFSHFAFIHPGTLFDPNNAEPPIVPMDRFNGQFRFVYDTPEDMAVPNQAPIGSFSYTCSMPFAINLEVSKYSSSSLHVLFNVSCPVDSHTTKNFLIFAREQSDDSDYLHIAFNDLVFAEDKPVIESQWPKDAPADEVSVVADKVSIQYRKWLRELKEAHKEGSQAFRSALLDPVIESDRSY,00000000000000000000000000000000000000000000000000000000000000000000000000000000000000000000000000000000000000000000000000000000000000000000000000000000000000001000001000010000000000000000000000000000000000000000000000000000000000000000000000000000000000000000000000000000000000000010000000000000000000000000000000000000000000000000000000000000
EDGYDMWLRYQPIADQTLLKTYQKQIRHLHVAGDSPTINAAAAELQRGLSGLLNKPIVARDEKLKDYSLVIGTPDNSPLIASLNLGERLQALGAEGYLLEQTRINKRHVVIVAANSDVGVLYGSFHLLRLIQTQHALEKLSLSSAPRLQHRVVNHWDNLNRVVERGYAGLSLWDWGSLPNYLAPRYTDYARINASLGINGTVINNVNADPRVLSDQFLQKIAALADAFRPYGIKMYLSINFNSPRAFGDVDTADPLDPRVQQWWKTRAQKIYSYIPDFGGFLVKADSEGQPGPQGYGRDHAEGANMLAAALKPFGGVVFWRAFVYHPDIEDRFRGAYDEFMPLDGKFADNVILQIKNGPIDFQPREPFSALFAGMSRTNMMMEFQITQEYFGFATHLAYQGPLFEESLKTETHARGEGSTIGNILEGKVFKTRHTGMAGVINPGTDRNWTGHPFVQSSWYAFGRMAWDHQISAATAADEWLRMTFSNQPAFIEPVKQMMLVSREAGVNYRSPLGLTHLYSQGDHYGPAPWTDDLPRADWTAVYYHRASKTGIGFNRTKTGSNALAQYPEPIAKAWGDLNSVPEDLILWFHHLSWDHRMQSGRNLWQELVHKYYQGVEQVRAMQRTWDQQEAYVDAARFAQVKALLQVQEREAVRWRNSCVLYFQSVAGRPIPANYEQPEHDLEYYKMLARTTYVPEPWHPASSSRVLK,001000000000000000000000000000000000000000000000000000000000000000000000000000000000000000000000000000000000000000000000000000000000000000000000000000000000010101000000000000000000000000000000000000000000000000000000000000000000000000000000000000000000000000000000000000000000000000000000000000000000000000000000000000000000000000000000000000000000000000000000000000000000000000000000000000000000000000000000000000000000000000000000000000000000000100001001000000000000000000000000000000000000000001000000000000000000000000000000000000000000000000000000000000000000000000000000000000000000000000000000001010000000000000001100100000000000100000000000000000000000000000001000000000000000000000000000010000000000
EGMKGAVLITGASRGIGEATARLLHAKGYRVGLMARDEKRLQALAAELEGALPLPGDVREEGDWARAVAAMEEAFGELSALVNNAGVGVMKPVHELTLEEWRLVLDTNLTGAFLGIRHAVPALLRRGGGTIVNVGSLAGKNPFKGGAAYNASKFGLLGLAGAAMLDLREANVRVVNVLPGSVKLKPEDVAQAVLFALEMPGHAMVSEIELRPT,000000000000100000000000000000000011100000000000000000000000000000000000000000000000000000000000000000000000000000000000000000000000000000000000000000000000000000000000000000000000000000000000000000000000000000000
LPQMTQQLNSDDMQEQLSATVKFRQILSREHRPPIDVVIQAGVVPRLVEFMRENQPEMLQLEAAWALTNIASGTSAQTKVVVDADAVPLFIQLLYTGSVEVKEQAIWALGNVAGDSTDYRDYVLQCNAMEPILGLFNSNKPSLIRTATWTLSNLCRGKKPQPDWSVVSQALPTLAKLIYSMDTETLVDACWAISYLSDGPQEAIQAVIDVRIPKRLVELLSHESTLVQTPALRAVGNIVTGNDLQTQVVINAGVLPALRLLLSSPKENIKKEACWTISNITAGNTEQIQAVIDANLIPPLVKLLEVAEYKTKKEACWAISNASSGGLQRPDIIRYLVSQGCIKPLCDLLEIADNRIIEVTLDALENILKMGEADKEARGLNINENADFIEKAGGMEKIFNCQQNENDKIYEKAYKIIETYFG,00000000000000000000000000000000000000000000000000000000000000000000000010000000000000000000000000000000000000000000000000000000000000000000000000000000000000000000000000000000000000000000000000000000000000000000000000000000000000000000000000000000000000000000000000000000000000000000000000000000000000000000000000000000000000000000000000000000000000000000000000000000000000000000000000000000000000000000000000000000000000
NKEQTIFDHKGNVIKTEDREIQIISKFEEPLIVVLGNVLSDEECDELIELSKSKLARSKVGSSRDVNDIRTSSGAFLDDNELTAKIEKRISSIMNVPASHGEGLHILNYEVDQQYKAHYDYFAEHSRSAANNRISTLVMYLNDVEEGGETFFPKLNLSVHPRKGMAVYFEYFYQDQSLNELTLHGGAPVTKGEKWIATQWVRRGTYK,000000000000000000000000000000000000000000000000000000000000000000000000000000000000000000000000000000000000100000100000000000000000000000000000000001000000000000000000000000000000000011000000010100000000000
GTPDPLITEIQPWASEFGEAVDAHPYGLPIHFESHVKRQYVEWLTESPVSSINFTPIHALEGTITPQGCAFERHHSGAIELSKQDYRLMINGLVEKPLVFTFEDLLRFPRTTTTAFCECAANGGMEWGGAQLEGCQYTQGMIHNMEYVGVPLSVLLAEAGVKPEGKWLYAEGADASSNGRSFPMEKVMDDVMLAFFANGEALRKEHGYPARLVVPGWEGNMWVKWVRRLGIYDKAVESREETSKYTDLMPDGRARKWTWVMDAKSVITSPSPQVPIRHGKGPLVISGLAWSGNGRITRVDVSLDGGKNWTTARITGQALPKALTRFHLDIDWDGSEMLLQSRAVDETGYVQPTKDALRAIRGRNNVYHNNGIQTWWVKADGEVENVEIA,00000000000000000000000000000000000000000000000001000000000000000000001111100000000000000000000000000000000000000000001100000000000000000000001000000000000000000000000000000100010000000000000000000000000001000010000000110111100000000000001000101000000000000000000000000000000000000000000000000000000000000000000000000000000000000000000000000000000000000000000000000000000000000000000000000
PQFEKGATTRILGVVQLDQRRLTDDLAVLAKSNFSSEYSDFACGRWEFCMLRNQSGKQEEQRVVVHETPALATPLGQSLPYLNELLDNHFDRDSIRYARIIRISENACIIPHRDYLELEGKFIRVHLVLDTNEKCSNTEENNIFHMGRGEIWFLDASLPHSAGCFSPTPRLHLVVDIEGTRSLEEVAINVEQPSARNATVDTRKEWTDETLESVLGFSEIISEANYREIVAILAKLHFFHKVHCVDMYGWLKEICRRRGEPALIEKANSLERFYLIDRAAGEVMTY,0000000000000000000000000000000000000000000000000000000000000000000000000000000000000000000000000000000000000001010000000000000000000000000000000000000000000001000000000000000000000000000000000000000000000000000000000000000000000000000000000000000000000000000000000000000000000000000000
NKYFENVSKIKYEGPKSNNPYSFKFYNPEEVIDGKTMEEHLRFSIAYWHTFTADGTDQFGKATMQRPWNHYTDPMDIAKARVEAAFEFFDKINAPYFCFHDRDIAPEGDTLRETNKNLDTIVAMIKDYLKTSKTKVLWGTANLFSNPRFVHGASTSCNADVFAYSAAQVKKALEITKELGGENYVFWGGREGYETLLNTDMEFELDNFARFLHMAVDYAKEIGFEGQFLIEPKPKEPTKHQYDFDVANVLAFLRKYDLDKYFKVNIEANHATLAFHDFQHELRYARINGVLGSIDANTGDMLLGWDTDQFPTDIRMTTLAMYEVIKMGGFDKGGLNFDAKVRRASFEPEDLFLGHIAGMDAFAKGFKVAYKLVKDRVFDKFIEERYASYKDGIGADIVSGKADFRSLEKYALERSQIVNKSGRQELLESILNQYLFA,00000000000000000000000000000000000000000000000000000000000000000000000000000000000000000000000000000000000000000000000000000000000000000000000000000000000000000000000000000000000000000000000000000000000000000000000000000000000000100000000000000000000000000000000000100100000000000000000000000010000000000101000000000000000000000000000001000000000000000000000000000000000000000000000000000000000000000000000000000000000000000000000000000
HMNIPRFGVKTDQEELLAQELENLNKWGLNIFCVSDYAGGRSLTCIMYMIFQERDLLKKFRIPVDTMVTYMLTLEDHYHADVAYHNSLHAADVLQSTHVLLATPALDAVFTDLEILAALFAAAIHDVDHPGVSNQFLINTNSELALMYNDESVLENHHLAVGFKLLQEDNCDIFQNLSKRQRQSLRKMVIDMVLATDMSKHMTLLADLKTMVETKKVTSSGVLLLDNYSDRIQVLRNMVHCADLSNPTKPLELYRQWTDRIMAEFFQQGDRERERGMEISPMCDKHTASVEKSQVGFIDYIVHPLWETWADLVHPDAQEILDTLEDNRDWYYSAI,00000000000000000000000000000000000000000000000000000000000000000000000000000000000100000000000000000000000000000000000000000000000000000000000000000000000000000000000000000000000000000000000000000100000000000000000000000000000000000000000000000100000000000100110010000000000000000100000000001100100000000000000000000000000000000000000
MLLEAPVYKEIFGAVTIHEVQKVIKMDTTISNIPREKIYDLLGKMAVIVPMKNEKLHLVDGVLKAIPHKCPIIIVSNSKREGPNRYKLEVDLIRHFYNLTHSKIIMIHQKDPGLAKAFKEVGYTDILDENGMIRSGKGEGMLVGLLLAKAIGAEYVGFVDADNYIPGAVNEYVKDYAAGFLMSESEYTMVRLHWVSEITNHYLNLLVSEHTAFETTIMVTGNAGEHAMTMKLAEILPFSTGYSIEPYEIVYILERFGKWENVEEFKDVFDQGIEIFQIETLNPHFHEDKGKEHVKEMLLLSLATIYHSKLATDNLRKRILKDLEEPPKPLVMRPIKEIPIKEWMDIVEGNSETLLRFEL,00000000000000000000000000000000000000000000000000000000000000000000000000000000000000000000000000000000000000000000000000000000000000000000000000000000000000000100000000000000000000000000000000000000000000000000000000000000000000000000000000000000000000000000000000000000000000000000010000000000000000000000000000000000000000000000000000000000000000000000000
AHRPARVDIAMPTTSSPTAGETWLILGTDGSRADVIALVRPSQEGVTIINLPRDLTINSKGMELDRLATTYVPGPQNTVNALCTGLGIPTTHLVTIDMAQFATIIDSLGGIEVDVPEPVRDAYTGLNLSSAGRHRLSGIDALALVRSRHPEILRDGRWVTMSQADGAQRRSQSTATVMQAVLSAIGQKASNPVSLHQLAHTVAGNITLDSGTGLSDLAALGRSASKARRAGATTIIDLPTGPRDESIIVSPNQESRDLLARYGYSPKTCRPA,11000000000000000000000000000000000000000000000000000000000000000000000000000000000000000000000000000000000000000000000000000000000000000000000000000000000000000000000000000000000000000000000000000001000000000000000000000000000000000000000000000000000000000000000000000000
AKPCTVSTTNATVDLGDLYSFSLMSAGAASAWHDVALELTNCPVGTSRVTASFSGAADSTGYYKNQGTAQNIQLELQDDSGNTLNTGATKTVQVDDSSQSAHFPLQVRALTVNGGATQGTIEAVIEITYTYS,000000000000001000000000000000001000000000000000000000000000000000000000000000000000000000000000000000000000000000000000000000000000
DYSKYYKTIDDLKNQILNLTTDNANILLQIDNARLAADDFRLKYENEVALRQSVEADINGLRRVLDELTLTKADLEMQIESLTEELAYLKKNHEEEMKDLRN,000000000000000001000100000000000000000000000000000000000000000000000000000000000000000000000000000000
AMANAVIGNVVTRFPPEPSGYLHVGHAKAAFLNNYYAQMYEGKMLLRFDDTNPVKYEKSIIEDLENLGLKYEKISYSSDHFDLLEKYCIDMIKMNKAYADDTGVEDMRNQRGEGIESINRNNSIEKNLELFNEMRKGTEIGQKNCIRAKINMQSKNKCMRDPVMYRCIVDVPKYKCYPTYDFACPIIDSIEGVTHALRTNEDRIEQYNWFISTLNLRKVYIYEFSRLAFVKTVMSKRKLKWFVENNVVDSWVDPRFPTIKGILRRGLTKEALFQFILEQNLMQWDKLWSINKQIIDPIIPRYAAVDKNSSILLILTDLTDQVIQKERDLHMKNKSLGTCNMYYNNKYLIELEDAQTLLENEEITLIKLGNIIIKNIEKENGKIKQINALSNFHTTKKKIHWLPYLPQQLITCTLYEYDHLITVDKDWTNFINFNSKHETLVYAEPSISSLKVSDKFQFERRGYFILDKIDPHHHLHLIKIPDGK,0000000000000000000000000000000000000000100000000000001010000000000000000000000000000000000000000000000000000000000000000000000000000000000001000000000000000000000000000000000000000000000000000000000000000000000000000000000000000000000000000000000000000000000000000000000000000000000000000000000000000000000000000000000000000000000000000000000000000000000000000000000000000000000000000000000010000000000000000000000000100000000000010100100000000000000000000000000000000100010100000000
AKPERGRFLHFHSVTFWVGNAKQAASFYCSKMGFEPLAYRGLETGSREVVSHVIKQGKIVFVLSSALNPWNKEMGDHLVKHGDGVKDIAFEVEDCDYIVQKARERGAKIMREPWVEQDKFGKVKFAVLQTYGDTTHTLVEKMNYIGQFLPGYEAPAFMDPLLPKLPKCSLEMIDHIVGNQPDQEMVSASEWYLKNLQFHRFWSVDDTQVHTEYSSLRSIVVANYEESIKMPINEPAPGKKKSQIQEYVDYNGGAGVQHIALKTEDIITAIRHLRERGLEFLSVPSTYYKQLREKLKTAKIKVKENIDALEELKILVDYDEKGYLLQIFTKPVQDRPTLFLEVIQRHNHQGFGAGNFNSLFKAFEEEQNLRGNLTNM,0000000000000000000000000000000000000000000000000000000000000000000000000000000000000000000000000000000000000000000000000000000000000000000000000000000000000000000000000000001000000000000000000000000000000000000000000000000000000000000000000000000000000000010000000000000000000000000000000000000000000000000000000000000000000001000000000000100000000000000000000000000000000000
KARPKLYVMDNGRMRMDKNWMIAMHNPATIHNPNAQTEFVEFPIYTVLIDHPEGKILFDTSCNPNSMGPQGRWAESTQQMFPWTATEECYLHNRLEQLKVRPEDIRYVVASHLHLDHAGCLEMFTNATIIVHEDEFNGALQCYARNQKEGAYIWADIDAWIKNNLQWRTVKRHEDNILLAEGVKVLNFGSGHAWGMLGLHVELPETGGIILASDAIYTAESYGPPIKPPGIIYDSLGYMNTVERIRRIAQETKSQVWFGHDAEQFKKFRKSTEGYYE,0000000000000101000100000000000000000000010000000000000000000000000000000000000010000000000000000000000000000000010100000000000000000000000000000000001000000000000000000000000000000000000000010000000000000000000001001000000000000000000000000000000000000000000100000000000000000
GAMDPEFTIKAIKARQIYDSRGNPTVEVDLTTELGLFRAAVPSGASTGVHEALELRDNDKANYHGKSVLKAVGHVNDTLGPELIKANLDVVDQASIDNFMIKLDGTENKSKFGANAILGVSLAVAKAGAAKKGVPLYKHIADLAGNKEIILPVPAFNVINGGSHAGNKLAMQEFMILPTGATSFTEAMKMGSEVYHHLKNVIKAKFGLDATAVGDEGGFAPNIQSNKEALNLISDAIAKAGYTGKIEIGMDVAASEFYKDGQYDLDFKNEKSDKSQWLPADKLANLYQEFIKDFPIVSIEDPFDQDHWEAWSNLTGCTDIQIVGDDLTVTNPKRIATAVEKKACNCLLLKVNQIGTVTESIAAHLLAKKNGWGTMVSHRSGETEDSFIGDLVVGLSTGQIKTGAPCRSERLAKYNQILRIEEEIGAGVKFAGKSFRKPQ,0000000000000000000000000000000000000000000000000000000000000000000000000000000000000000000000000000000000000000000000000000000000000000000000000000000000000001000100000000000000000000000000000000000000000000000000000000000000000000000000000000000000000000000000000000000000000000000000000000000000000000000000000000000000000000000000000000000000000000000000000000000000000000000000000000000000000000000000000000000000000000000000000000000
DPVAVEALLQDVFGIVVDEAILKGTSASEKVCEWKEPEELKQLLDLELQSQGESREQILERCRTVIHYSVKTGHPRFFNQLFSGLDPHALAGRIITESLNTSQYTYEIAPVFVLMEEEVLKKLRALVGWNSGDGVFCPGGSISNMYAMNLARFQRYPDCKQRGLRALPPLALFTSKECHYSITKGAAFLGLGTDSVRVVKADERGRMIPEDLERQIILAEAEGSVPFLVSATSGTTVLGAFDPLDAIADVCQRHGLWFHVDAAWGGSVLLSRTHRHLLDGIQRADSVAWNPHKLLAAGLQCSALLLRDTSNLLKRCHGSQKFYDVALDTGDKVVQCGRRVDCLKLWLMWKAQGGQGLERRIDQAFALTRYLVEEIKKREGFELVMEPEFVNVCFWFVPPSLRGKKESPDYSQRLSQVAPVLKERMVKKGTMMIGYQPHANFFRMVVANPILAQADIDFLLGELELLGQDL,00000000000000000000000000000000000000000000000000000000000000000000000000000000000000000000000000000000000000000000000000000000000000000000000000000000000000000000000000000000000000000000000000000000000000000000000000000000000000000000000000000000000000000000000000000000000000000000000000000000000000000000000000000000000000000000000000000000000000000000000000000000000000110100100000000000000000000000000000000000000000000000000000000000000000000000000000000000000000
ATFVRNAWYVAALPEELSEKPLGRTILDTPLALYRQPDGVVAALLDICPHRFAPLSDGILVNGHLQCPYHGLEFDGGGQCVHNPHGNGARPASLNVRSFPVVERDALIWIWPGDPALADPGAIPDFGCRVDPAYRTVGGYGHVDCNYKLLVDNLMDLGHAQYVHRANAQTDAFDRLEREVIVGDGEIQALMKIPGGTPSVLMAKFLRGANTPVDAWNDIRWNKVSAMLNFIAVAPEGTPKEQSIHSRGTHILTPETEASCHYFFGSSRNFGIDDPEMDGVLRSWQAQALVKEDKVVVEAIERRRAYVEANGIRPAMLSCDEAAVRVSREIEKLEQLEAARL,00000000000000000000000000000000000000000000000000000000000000000000000000000000000000000000000000000000000000000000000000000000000000000000000000000000100000100001000000000000000000000000000000000000000000000000000000000000000000000000000000000000000000000000000000000000000000000000000000001000000000000000000000000000000000000000000000000
AAMAMRRIQKELREIQQDPPCNCSAGPVGDDIFHWTATITGPDDSPYQGGLFFLDVHFPVDYPFKAPRVTFMTKVYHPNINKNGVICLDILKDQWSPALTLSRVLLSISSLLTDPNPSDPLDPEVANVLRANKKQFEDTAREWTRMYARP,000000000000000000000000000000000100000000000000000000101000000000000000000000000000000000000000000000000000000000000000000000000000000000000000000000
GSHMSDRKAVIKNADMSEDMQQDAVDCATQAMEKYNIEKDIAAYIKKEFDKKYNPTWHCIVGRNFGSYVTHETKHFIYFYLGQVAILLFKSG,00100000000000000000000000000000000000000000000000000000000000000000000000000000000000000000
DPRLYFENRSKFIQDQKDKGINPYPHKFERTISIPEFIEKYKDLGNGEHLEDTILNITGRIMRVSASGQKLRFFDLVGDGEKIQVLANYSFHNHEKGNFAECYDKIRRGDIVGIVGFPGKSKKGELSIFPKETILLSACLHMLPMTEIRYRQRYLDLLINESSRHTFVTRTKIINFLRNFLNERGFFEVETPMMNLIAGGANARPFITHHNDLDLDLYLRIATELPLKMLIVGGIDKVYEIGKVFRNEGIDNTHNPEFTSCEFYWAYADYNDLIKWSEDFFSQLVYHLFGTYKISYNKDGPENQPIEIDFTPPYPKVSIVEEIEKVTNTILEQPFDSNETIEKMINIIKEHKIELPNPPTAAKLLDQLASHFIENKYNDKPFFIVEHPQIMSPLAKYHRTKPGLTERLEMFICGKEVLNAYTELNDPFKQKECFKLQQKDREKGDTEAAQLDSAFCTSLEYGLPPTGGLGLGIDRITMFLTNKNSIKDVILFPTMRPAN,0000000000000000000000000000000000000000000000000000000000000000000000000000000000000000000000000000000000000000000000000000000000000000000000000000000000000000000000000000000000000000000000000000000000000000000000000000000000000000000000000000000000000000000000000000000000000000000000000000000000000000000000000000000000000000000000000000000000000000000000000000010000000000000000000000000000000000000000000000000000000000000000000000000000000000000000000000000000000000000000000000000000000000001
FEDLDALGSILEEKYGLLEAHVVFSPTPDYAGITHDLSRYGAEYMHETVKDGDIVGVSWGTTMYQIAQNMQPKQVKGVEVVQLKGGISHSRVNTYSAETIQLFAEAFQTMPRYLPLPVVFDNADVKRMVEKDRHIERIIEMGKQANIALFTVGTVRDEALLFRLGYFNEEEKALLKKQAVGDICSRFFDAKGNICSSAINDRTIGVELQDLRLKERSILVAGGSRKVSSIHGALTGKYANVLIIDQHTARALVN,00000000000000000000000000000000000000000000000000000000011011000000000000000000000100000000000000000000000000000000000000000000000000000000000000000010100000000000000000000000000001001000000000000000000000000000000000000000010000000000000000000000000000
SHSMRYFSAAVSRPGRGEPRFIAMGYVDDTQFVRFDSDSASPRMEPRAPWVEQEGPEYWEEETRNTKAHAQTDRMNLQTLRGYYNQSEASSHTLQWMIGCDLGSDGRLIRGYERYAYDGKDYLALNEDLRSWTAADTAAQISKRKCEAANVAEQRRAYLEGTCVEWLHRYLENGKEMLQRADPPKTHVTHHPVFDYEATLRCWALGFYPAEIILTWQRDGEDQTQDVELVETRPAGDGTFQKWAAVVVPSGEEQRYTCHVQHEGLPEPLMLRWKQ,00000000000000000000000000000000000000000000000000000000000000000000000000000000000000000000000000000000000000000000000000000000000000000000000000000000000000000000000100000000000000000000000000000000000000000000000000000000000000000000000000000000000000000000000000000000000
MLLAHISDTHFRSRGEKLYGFIDVNAANADVVSQLNALRERPDAVVVSGDIVNCGRPEEYQVARQILGSLNYPLYLIPGNHDDKALFLEYLQPLCPQLGSDANNMRCAVDDFATRLLFIDSSRAGTSKGWLTDETISWLEAQLFEGGDKPATIFMHHPPLPLGNAQMDPIACENGHRLLALVERFPSLTRIFCGHNHSLTMTQYRQALISTLPGTVHQVPYCHADTDPYYDLSPASCLMHRQVGEQWVSYQHSLAHYAGPWLYDENISCPT,0000000101000000000000000000000000000000000000000100000000000000000000000000000110000000000000000000000000000000000000000000000000000000000000000000000000010000000000000000000000000000000000000010100000000000000000000000000000000000000000000000000000000000000000000000000
TSLYITAAPIGAVPKFLDPFEATFIPSFLLEGFFDADRCASIAADLKTDGWEVVPAGGRLLQVGHAQPIAAHFPKPWLAALSNKLARRIVLQLTTYGWIVSEQGDLLWEHERQHHYLPPALIEAIEKESPALLKNMEEAGWIACAAGYWQAGKARSPYLPITPEAITEETIRSMRAGAAVVHLHTRDLSDRRRIEIPGLGVVTVGSQRNQIVLDDYDAIVPMVKKREPAAILNLSTSVRGDRHGARSKLRRAHLKFYDDVGSAPEVASLSPAAVVFQGGGGYDNAPDFLDAQFDHFERVGTRPEVEVFNHAIVDNATSLYRDRLLRTGKPVLFMLVAGVDQYRRDPITGEVEDDSLIARVVREEISSLLADESADSHRRAVELAIGQLRPVVERLRASFPVSKISILLPGPMQNLLVDVALGLGLDGIRVGLEDGLTVNDARVPGGVRKARGTWEQVSLVREELLGRGATILTAAQVRDMFGL,000000000000100000000000000000000000000000000000000000000000000000000000000000000000001000100000000000000000000000000000000000000000000000000000000000001100000000000000000000000000010100000000000000000000000000000000000000000000000000101010000000000000000000000000000100000001000001000000000000000000000001010000000000000000000000000001000000000000000000000000000000000000000000000000000000000000000000000000101000000000000000001000110100000000001000000000000000000000000000000000000
PPSDIAYAELYVADDREASGFLVDSLGFVPLAVAGPATGTHDRRSTVLRSGEVTLVVTQALAPDTPVARYVERHGDSIADLAFGCDDVRSCFDRAVLAGAEALQAPTFATVSGFGDIRHTLVPALLPPDRDWALLPAATGRTGPRPLLDHVAVCLESGTLRSTAEFYEAAFDMPYYSSEYIEVGEQAMDMIFVRNAGGGITFTLIEPDDTRVPGQIDQFLSAHDGPGVQHLAFLVDDIVGSVRSLGDRGVAFLRTPGAYYDLLAIEDLRETNVLADRDEWGYLLQIFTRSPYPRGTLFYEYIQRNGARGFGSSNIKALAEAVERERE,000000000000000000000000000000000000000000000000000000000000000000000000000000000000000000000000000000000000000000000000000000000000000000000000000001000000000000000000000000000000000000000000000000000000000000000000000000000000010000000000000000000000000000000000000000000000000000000000000000000001000000000000000000000000000
MRVLFIGDVMAEPGLRAVGLHLPDIRDRYDLVIANGENAARGKGLDRRSYRLLREAGVDLVSLGNHAWDHKEVYALLESEPVVRPLNYPPGTPGKGFWRLEVGGESLLFVQVMGRIFMDPLDDPFRALDRLLEEEKADYVLVEVHAEATSEKMALAHYLDGRASAVLGTHTHVPTLDATRLPKGTLYQTDVGMTGTYHSIIGGEVETFLARFLTGRPQPFRAAQGKARFHATELVFEGGRPVAISPYVWEEP,000000010000000000000000000100000000100000000000000000000000000010000000000000000000000000000000000000000000000000000000000000000000000000000000100000000000100100000000111100000000001000000101000000000000000000000000000000000000000000000000000000100000
KFQLGFSTLSEELDLESLQVKGTIIRNGPAKFEVGKEKFQHWFDGLAMLHKFSKEGKVSYANKFLESKAYQSARDTDKISYREFATDPKRVSSMFSTKFTDNANVNVTKIAERFVAMTETPLPVEFDINTLKTVGVFAYDDKIESGLTTAHPHYDFVKNELVNYATKISRSSNYNVYKIADKTNHRNLIGSIPVEEPAYMHSFAMTENYVVLVEYPFVVKPLDLLLSGKPFIENFSWKPENGTRFIIVNRQNGNLVGTYKSDAFFAFHHVNAFEKQEEIFVDIIAYQDSSIVNALYLDILRGQKTDTIPRIPVEYEMLSSEAVELPRIYKQYNTKDYRFVYGIQLVKISSKIWSEKDCYPGEPVFVGAPDATKEDEGLILSAVLDATNAKSFLLILDATTFEEVARAEVPHHIPFGFHGNYFE,000000000000000000000000000000000000000000000000000000000000000000000000000000000000000000000000000000000000000000000000000000000000000000000000000000100000000000000000000000000000000000000000000000001000000000000000000000000000000000000000000000000000000000000000000100000000000000000000000000000000000000000000000000000000000000000000000000000000000000000000000000000000000000000000000000000000000000000000000000000100000
FNKILLRPLLLKQKNPENLRQLIKKSFHRTFDTFESLFSMLRNDEAFYNRPEPLRHPHIFYFGHTAVFFINKLILSKIIDTRINAKMESIFAIGVDEMSWNDDHYEWPSVEETRLYRNRVREVVDNLINTLPLELPITWDSPWWIILMGIEHERIHIETSSVLIRQTDISLVLPQPEWSKCNVSGKAPENELLFVPGGEIEIGKYKSDDYYGWDNEYGKHKTVIPDFKASKYLVSNGEFMEFVKDGGYENDLWWEEEGLAWRNFKKAKHPIFWIPFKNEYRYRTLTEIVDMPLDWPVDVNYHEAKAFCNWLSAKKGKPIRLPVEDEWYRLKEYCNVPDVSKWDEKAPANINLEHYASACPVTQFSFGNFYDVIGNVWQWTETPIYPFNGFKIHPIYDDFSTPTFDNRHNLIKGGSFISTGNEILASSRYAFRRHFFQHAGFRYVESSYKEKINSSGYESDTQVSQYCEFGWGDRYFGIENYPKRCAKICIEVTEGKPRKKALDVGCAIGRSTLELATSFESVTGLDFSARFIEMAERMRKDGSIRYTITTEGELVEYKEATLPKRLAKVVDRVEFWQADACNLKPIFTGYDLVFAGNLIDRLYDPAKFLNDIGKRINSGGMLILTSPYTWLEEFTPKQKWLGGFKQDGEPVKSIDGLKSHLKDSFKLIETRDIEFVIRETARKFQHSVAQMSIWEKILE,000000000000000000000000000000000000000000000000000000000000000100000000000000000000000000000000000000000000000000000000000000000000000000000000000000010001000000000000000000000000000000000000000000000000000000000000000000000000000000000000000000000000000000000000000000000000000000000000000000000000000000000000000000000000000000000000000000000000000000000000000000000000000000000000000000000000000000000000000000000000000000000000000000000000000000000000000000000000000000000000000000000000000000000000000000000000000000000000000000000000000000000000000000000000000000000000000000000000000000000000000000000000000000000000000000000000000000000000000000000000000000000000000000000000000000000000000
TKVERLLINYKTLEEFKKFKEYGIQELSMLEELQDNIIENDSTSPFYGIYFGDKLVARMSLYQVNGKSNPYFDNRQDYLELWKLEVLPGYQNRGYGRALVEFAKSFKMPIRTNPRMKSAEFWNKMNFKTVKYDMARDKGEDPLIWHPDM,00010000000000000000000000000000000000000000000000001000000000000000000000000000000011000011110110000000000000000010000110010000000000000000000000000
GPGDQRFGDLVFRQLAPNVWQHTSYLDMPGFGAVASNGLIVRDGGRVLVVDTAWTDDQTAQILNWIKQEINLPVALAVVTHAHQDKMGGMDALHAAGIATYANALSNQLAPQEGMVAAQHSLTFAANGWVEPATAPNFGPLKVFYPGPGHTSDNITVGIDGTDIAFGGCLIKDSKAKSLGNLGDADTEHYAASARAFGAAFPKASMIVMSHSAPDSRAAITHTARMADKLR,000000000000000000000000000000000000000000000000000000010000000000000000000000001010000100100000000000000000000000000000000000000000000000000000000001000000000000000000000000000000000000000000000000000000000000000000000000000000000
MDDLLQRVRRCEALQQPEWGDPSRLRDVQAYLRGSPALIRAGDILALRATLARVARGEALVVQCGDCAEDMDDHHAENVARKAAVLELLAGALRLAGRRPVIRVGRIAGQYAKPRSKPHEQTLPVYRGDMVNGREAHAEQRRADPQRILKGYAAARNIMRHLGWDAASASPVWTSHEMLLLDYELSMLREDEQRRVYLGSTHWPWIGERTRQVDGAHVALLAEVLNPVACKVGPEIGRDQLLALCERLDPRREPGRLTLIARMGAQKVGERLPPLVEAVRAAGHPVIWLSDPMHGNTIVAPCGNKTRLVRSIAEEVAAFRLAVSGSGGVAAGLHLETTPDDVTECVADSSGLHQVSRHYTSLCDPRLNPWQALSAVMAWS,00000000000000000000000000000000000000000000000000000000000000000000000000000000000000000000000000000000010000001100000000000000000000000000000000000000000000000000000000000000000000000000000000000000000000110000000000000000000000100000000000000000000000000000010000000000000000000000000000000100000000000000000000000000000000000000000000000000000000000000000000000000000000000000
AWCWASYLEEEKAVAVPAKLFKEHQSFPYNKNGFKVGMKLEGVDPEHQSVYCVLTVAEVCGYRIKLHFDGYSDCYDFWVNADALDIHPVGWCEKTGHKLHPPKGYKEEEFNWQTYLKTCKAQAAPKSLFENQNITVIPSGFRVGMKLEAVDKKNPSFICVATVTDMVDNRFLVHFDNWDESYDYWCEASSPHIHPVGWCKEHRRTLITPPGYVKHFSWDKYLEETNSLPAPARAFKVKPPHGFQKKMKLEVVDKRNPMFIRVATVADTDDHRVKVHFDGWNNCYDYWIDADSPDIHPVGWCSKTGHPLQPPLS,0000000000000000000000000000000000000000000000000000000000000000000000000000000000000000000000000000000000000000000000000000000000000000000000000000000000000000000000000000010010000000000000010000010001000000000000000000000000000000000000000000000000000000000000000000011000000000000000000000000000000000000000000
MEKSFVITDPRLPDNPIIFASDGFLELTEYSREEILGRNGRFLQGPETDQATVQKIQDAIRDQREITVQLINYTKSGKKFWNLLHLQPMRDQKGELQYFIGVQLDGEFIPNPLLGL,10000000000000000000000000000000000000000000000000000000000000000000000000000000000000000000000000000000000000000000
MDTEKLMKAGEIAKKVREKAIKLARPGMLLLELAESIEKMIMELGGKPAFPVNLSINEIAAHYTPYKGDTTVLKEGDYLKIDVGVHIDGFIADTAVTVRVGMEEDELMEAAKEALNAAISVARAGVEIKELGKAIENEIRKRGFKPIVNLSGHKIERYKLHAGISIPNIYRPHDNYVLKEGDVFAIEPFATIGAGQVIEVPPTLIYMYVRDVPVRVAQARFLLAKIKREYGTLPFAYRWLQNDMPEGQLKLALKTLEKAGAIYGYPVLKEIRNGIVAQFEHTIIVEKDSVIVTQDMINKST,0000000000000000000000000000000000000000000000000100000000000100000000000000000001000000000010000000000000000000000000000000000000000000000000000000000010000000000000000000100000000000101000000000000000000000000000000000000000000000000000000000000000000000000000000000000000000001000000000000000000000
MNLEPYFESFINNLRRRVDQLKSDQSRLDSELKNMQDMVEDYRNKYEDEINKRTNAENEFVTIKKDVDGAYMTKVDLQAKLDNLQQEIDFLTALYQAELSQMQTQIS,00000000000000000000000010001000000000000000000000000000000000000000000000000000000000000000000000000000000
MQLTADQVEKYKSDGYVLLEGAFSPEEVHVMRQALKKDQEVQGPHRILEEDGRTVRALYASHTRQSVFDQLSRSDRLLGPATQLLECDLYIHQFKINTKRAFGGDSWAWHQDFIVWRDTDGLPAPRAVNVGVFLSDVTEFNGPVVFLSGSHQRGTVERKARETSRSDQHVDPDDYSMTPAELSQMVEKHPMVSPKAASGSVMLFHPEIIHGSAPNISPFARDLLIITYNDVANAPKPAGEPRPEYVIGRDTTPLVSRSGPLH,0000000000000000000000000000000000000000000000000000000000100000000000000000000000000000000010101000000000100101001100000000000000000000000000010000000000000000000000001101000000000000000000000000000000000000010100000000101000000000000000000100010000000000000000
ETDCRWDGCSQEFDSQEQLVHHINSEHIHGERKEFVCHWGGCSRELRPFKAQYMLVVHMRRHTGEKPHKCTFEGCRKSYSRLENLKTHLRSHTGEKPYMCEHEGCSKAFSNASDRAKHQNRTHSNEKPYVCKLPGCTKRYTDPSSLRKHVKTVHG,00010100100000000000010000100000000010000100000000000000010011000000010000100000000000010001000000010000100000000000010000100000001000010100000000001000110
VDPAADLLRERAAHYAAEAALFLRDQALSTASHDLRSPLNAMHSWAYVLERQLASADPSLQRALAGIRTGIDQQVALIDDVLDAPRAETRTLAITAQPFALRPLLDDTLALVRFALADARQVSIDATLPDGEPSLSADRERVAQALWTMLTTAVEASAAGNRVTFACTRDGAQCVAHVTCGVSAAALADPALPHAFDAFARREMLRSRDAKRVAWVLALCQRVALAHGGTFTHAAFADGAVVTLSLAVPC,0000000000000000000000000000000010000000000000000000000000000000000000000000000000000000000000000000000000000000000000000000000000000000000000000000000000000000000000000000000000000000000000000000000000000000000000000000000000000000000000000000000000
DKGFINIFPMINTTVFVNDGENVDLIVEYEAFPKPEHQQWIYMNRTFTDKWEDYPKSENESNIRYVSELHLTRLKGTEGGTYTFLVSNSDVNAAIAFNVYVNTKPEILIRMLQCVAAGFPEPTIDWYFCVQTLNSSGPPFGKLVVQSSICKAYNDVGKTSAYFNF,000000000000000000000000000000000000000000000000000100000000000000000000000000000000000000000000000000000000000000000000100000000000000000000000000000000000000000000
TLPHGHMQTLIFLDLEATGLPSSRPEVTELCLLAVHRRALENTSISQGHPPPVPRPPRVVDKLSLCIAPGKACSPGASEITGLSKAELEVQGRQRFDDNLAILLRAFLQRQPQPCCLVAHNGDRYDFPLLQTELARLSTPSPLDGTFCVDSIAALKALEQKSYSLGSIYTRLYWQAPTDSHTAEGDVLTLLSICQWKPQALLQWVDEHARPFSTVKPMYGTP,000000010000011100000000000000000001000000000000000000000000000000000000000000000000000000000000000000000000000100000000000000000000000000000000000000000000000000000000000000000000100001000000000011110000000000000000000000
PAPHGGILQDLIARDALKKNELLSEAQSSDILVWNLTPRQLCDIELILNGGFSPLTGFLNENDYSSVVTDSRLADGTLWTIPITLDVDEAFANQIKPDTRIALFQDDEIPIAILTVQDVYKPNKTIEAEKVFRGDPEHPAISYLFNVAGDYYVGGSLEAIQLPQHYDYPGLRKTPAQLRLEFQSRQWDRVVAFQTRNPMHRAHRELTVRAAREANAKVLIHPVVGLTKPGDIDHHTRVRVYQEIIKRYPNGIAFLSLLPLAMRMSGDREAVWHAIIRKNYGASHFIVGRDHAGPGKNSKGVDFYGPYDAQELVESYKHELDIEVVPFRMVTYLPDEDRYAPIDQIDTTKTRTLNISGTELRRRLRVGGEIPEWFSYPEVVKILRES,00000000000000000000000000000000000000000000000000000000000000000000000000000000000000000000000000000000000000000000000000000000000000000000000000000000000000000000111000010000000000000000000001010000000100000001000000000000000000000000000000000000000000000000000000000000000000000000000000010000000000000000000000000000000000000000000000000000000000000000000000000000000000000000000000
VYKRPVSILVVIYAQDTKRVLMLQRRDDPDFWQSVTGSVEEGETAPQAAMREVKEEVTIDVVAEQLTLIDCQRTVEFEIFSHLRHRYAPGVTRNTESWFCLALPHERQIVFTEHLAYKWLDAPAAAALTKSWSNRQAIEQFVIN,000000000000000000000000100000000001110000000000001100010000000000000000000000000000000000000000000000000000000010000000000000000000000000000000
VRISIAGGNEIDPGSMGLTLFHEHLRLITEVVRWNWPHLYNEDEELKRAIDAVNAAKKYGVKTIIDLTVAGIGCDVRFNEKVAKATGVNIIMGTGFYTYTEIPFYFKNRGIDSLVDAFVHDITIGIQGTNTRAAFVKAVIDSSGLTKDVEMAIRAAAKAHIKTDVPIITHSFVGNKSSLDLIRIFKEEGVDLARTVIGHVGDTDDISFIEQILREGAFIGLDRFGLDIYLPLDKRVKTAIELIKRGWIDQLLLSHDYCPTIDWYPPEVVRSTVPDWTMTLIFEKVIPRMRSEGITEEQINRVLIDNPRRLFTG,0000000000000000000000010010000000000000000000000000000000000000000000000000000000000000000000001000000000000000000000000000000000000000100000000000000000000000000000000100000000000000000000000000000000000000000000000000001001010000000000000000000000000001010010110000000010010000000000000000000000000000000000000
RPQNYLFGCELKADKDYHFKVDNDENEHQLSLRTVSLGAGAKDELHIVEAEAMNYEGSPIKVTLATLKMSVQPTVSLGGFEITPPVVLRLKCGSGPVHISGQHLVAVE,000000000000000101000000000000000000000000000000000000000000000000000000000000000000000000000000000000000000
LGSYGSRIEREQHHLIESIEKSTQYMAKRRIGALISVARDTGMDDYIETGIPLNAKISSQLLINIFIPNTPLHDGAVIIKGNEIASAASYLPLSDSPFLSKELGTRHRAALGISEVTDSITIVVSEETGGISLTKGGELFRDVSEEELHKILLKELVT,00000000000000000000000000000000010000000000000000000000000000000000000001100000000000001110100000000001110010000000000000000100000000000000000000000000000000
MKFYTISSKYIEYLKEFDDKVPNSEDPTYQNPKAFIGIVLEIQGHKYLAPLTSPKKWHNNVKESSLSCFKLHENGVPENQLGLINLKFMIPIIEAEVSLLDLGNMPNTPYKRMLYKQLQFIRANSDKIASKSDTLRNLVLQGKMQGTCNFSLLEEKYRDFGK,000000000000000000000000000000000000000000000000000000000000000000000001111000000000000000000000000000000000000000010010000000000000000000000000000000000000000000
SIWDIEKASLLVNDCQNIANMAEQKVMMVSAIFSESSKDIVNPESFSERLGKETVKDLYEFNEQLTTKYGLEFRTIFFSYIRKYDAYWCLFEDLEKPLKSIQFFTGLIDLLDNTNKHLTLRSIVLDALLSADEEDSFYGDALVLFEELVIRYFGTDSNPSIDASEFILSCLPYTSLDALNVVCGQVWKSQKICDFLKSTIGNTSNSPLQLRASFPAFVNAVIHFLLEFKNVRRLE,0000000000000000000000000000000000000000000000000000000000000000000000000000000000000000000000000000000000000000000000000000000000000000000000000000000000000000000000010010100000000000000000000000000000000000010000000000000000000000000
IDFSLTEEQRQLQALARRFAKEVILPVAQEYDEKEEVPWPVIEKLHEVGLLNAIIPEEYGGMGLKMLDEVIVGEELAYACMGIYTIPMASDLGITPVLLAGTEEQKERFLRPLTEKPALAAFALSEPGNGSDAAALKTRAIRQGDHYVLNGTKMWISNGGEAEWVVVFATVNPELRHKGVVALVVERGTPGFKAIKIHGKMGQRASGTYELVFEDVKVPVENRLGEEGEGFKIAMQTLNKTRIPVAAGSVGVARRALDEARKYAKEREAFGEPIANFQAIQFKLVDMLIGIETARMYTYYAAWLADQGLPHAHASAIAKAYASEIAFEAANQAIQIHGGYGYVREFPVEKLLRDVKLNQIYEGTNEIQRLIIARHILAA,0000000000000000000000000000000000000000000000000000000000000000000000000000000000000000000000000000000000000000000000000000000000000000000000001100000000000000000000000000000000000000000000000000000000000000000000000000000000000000000000000000000000000000000000000000000000000000000000000000000000000000000000000000000000000000000000000000000000000000000000000000000000000000000
MRLEKFIHLLGERGFDGALISPGTNLYYLTGLRLHEVGERLAILAVSAEGDYRFLAPSLYENVVNNFPATFWHDGENPYAKLREILEELGISKGRILIEDTMRADWLIGIMKLGKFTFQPLSSLIKELRMIKDKEEVKMMEHASRIADKVFEEILTWDLIGMKERELALKIELLIRELSDGIAFEPIVASGENAANPHHEPGERKIRKGDIIILDYGARWKGYCSDITRTIGLGELDERLVKIYEVVKDAQESAFKAVREGIKAKDVDSRAREVISKAGYGEYFIHRTGHGLGLDVHEEPYIGPDGEVILKNGMTFTIEPGIYVPGLGGVRIEDDIVVDEGKGRRLTKAERELIIL,00000000000000000000000000000000000000000000000000000000000000000000000000000000000000000000000000000000000000000000000000000000000000000000000000000000000000000000000000000000000000010000000000000000000000000000001000000000011100000000000000000000000000000000000000000000000000000000000001000000000000000000000000000010000000000000100000000000000000000000
MIVKTEEELQALKEIGYICAKVRNTMQAATKPGITTKELDNIAKELFEEYGAISAPIHDENFPGQTCISVNEEVAHGIPSKRVIREGDLVNIDVSALKNGYYADTGISFVVGESDDPMKQKVCDVATMAFENAIAKVKPGTKLSNIGKAVHNTARQNDLKVIKNLTGHGVGLSLHEAPAHVLNYFDPKDKTLLTEGMVLAIEPFISSNASFVTEGKNEWAFETSDKSFVAQIEHTVIVTKDGPILTTKI,000000000000000000000000000000000000000000000000000000000000000000000000000000000000000000001000000000010000000000000000000000000000000000000000000000000000000000000001000000100000000000000000000000010100000000000000000000000000000010000000000000000
QGERLWQRLMELGEVGKQPSGGVTRLSFTAEERRAKDLVASYMREAGLFVYEDAAGNLIGRKEGTNPDATVVLVGSHLDSVYNGGCFDGPLGVLAGVEVVQTMNEHGVVTHHPIEVVAFTDEEGARFRFGMIGSRAMAGTLPPEALECRDAEGISLAEAMKQAGLDPDRLPQAARKPGTVKAYVELHIEQGRVLEETGLPVGIVTGIAGLIWVKFTIEGKAEHAGATPMSLRRDPMAAAAQIIIVIEEEARRTGTTVGTVGQLHVYPGGINVIPERVEFVLDLRDLKAEVRDQVWKAIAVRAETIAKERNVRVTTERLQEMPPVLCSDEVKRAAEAACQKLGYPSFWLPSGAAHDSVQLAPICPIGMIFVRSQDGVSHSPAEWSTKEDCAAGAEVLYHTVWQLAQG,0000000000000000000000000000000000000000000000000000000000000000000000000000100000000001000000000000000000000000000000000110000000000000000000000000000000000000000000000000000000000000001000000000000000000000000000000000000000000000000000000000000000000000000000000000000000000000000000000000000000000000000000000000000000000000000000000000000000000000010000000000000000000000000000000000000000000000000000
KAGCPDNGMSEEARQKFLEMHNSLRSSVALGQAKDGAGGNAPKAAKMKTMAYDCEVEKTAMNNAKQCVFKHSQPNQRKGLGENIFMSSDSGMDKAKAAEQASKAWFGELAEKGVGQNLKLTGGLFSRGVGHYTQMVWQETVKLGCYVEACSNMCYVVCQYGPAGNMMGKDIYEKGEPCSKCENCDKEKGLCSA,0000000000000000000000000000000000000000000000000000000000000000000000100000000000000000000000000000000000000000000000000000000000100000000000000000000000000000000000000000000000000000000000000
GLVPRGSEIKFLKKEDVQNIDLNGMSKKERYEIWRRIPKVELHCHLDLTFSAEFFLKWARKYNLQPNMSDDEILDHYLFTKEGKSLAEFIRKAISVSDLYRDYDFIEDLAKWAVIEKYKEGVVLMEFRYSPTFVSSSYGLDVELIHKAFIKGIKNATELLNNKIHVALICISDKHSGDFAIKHKHDFVGFDHGGREIDLKDHKDVYHSVRDHGLHLTVHAGEDATLPNLNTLYTAINILNVERIGHGIRVSESDELIELVKKKDILLEVCPISNLLLNNVKSMDTHPIRKLYDAGVKVSVNSDDPGMFLSNINDNYEKLYIHLNFTLEEFMIMNNWAFEKSFVSDDVKSELKALYF,00000000000000000000000000000000000000000010100000000000000000000000000000000000000000000000000000000000000000000000000000000000000000000000000000000000000000000100100000000000000000000000000100000010010000000000000000100000000000000000000000000100000000000000000000000000000000000000000000000000000000100000000000000000000000000000000000000000000001000000
PTGIVLMNMGGPSKVEETYDFLYQLFADNDLIPISAKYQKTIAKYIAKFRTPKIEKQYREIGGGSPIRKWSEYQATEVCKILDKTCPETAPHKPYVAFRYAKPLTAETYKQMLKDGVKKAVAFSQYPHFSYSTTGSSINELWRQIKALDSERSISWSVIDRWPTNEGLIKAFSENITKKLQEFPQPVRDKVVLLFSAHSLPMDVVNTGDAYPAEVAATVYNIMQKLKFKNPYRLVWQSQVGPKPWLGAQTAEIAEFLGPKVDGLMFIPIAFTSDHIETLHEIDLGVIGESEYKDKFKRCESLNGNQTFIEGMADLVKSHLQSNQLYSNQLPLDFALGKSNDPVKDLSLVFGNHE,000000000000000000000000000000000000000000000000000000000000000000000000000000000000000000000000000000000000000000000000000000000000000000000000000000000000000000000000000000000000000000000000000001000000000000000000000000000000000000000100000000000000000000000000000000000000100000000000000000000000000000000000000000000000000000000000000000000000000000
QPIIQFDAESWEAEFTQEIQDKAIEGLESGSVLFFPKLNFPLLTEELKFLDPTWVSGAKNISYDPRSATLKGVEGKSEDLRLLSGLLKRYAEKTAAFLHLLFPFYGSSLKIARTSFRPVEISGRATSARKDDTRLHVDAFPSSPTGGERILRVFSNINPQGKPRSWRIGEPFQNYLNHLLPQLSPPAPGKRFLLYLFGITKGYRSLYDHYMLELHDKGKLDLEYQKNSPQVAFDFPAGSTWIVFTDQVLHAVDKGQFLLEQTFHLKVNALKHPEKSPLKLLETALNKKLVSSESFKL,000000000000000000000000000000000000000000000000000000000000000000000000000000000000000000000000000000000000000000000000000000000000000101000000000000000000000000000000000000000000000000000000000000000000000000000000000000000000000000000000000000000100000000000000000000000000000000000000000000000
AAEAVVDWHKHDSKRMLHAVYRVGDLDRTIKYYTECFGMKLLRKRDVPDEKYTNAFLGFGPENTNFAVELTYNYGVDKYDIGTGFGHFAIANDDVYKLAENIKSKGGKITREPGPVKGGSTVIAFAQDPDGYMFELIQRADTPEPLCQVMLRVGDLERSIKFYEKALGMKLLRKKDVPDYKYTIAMLGYADEDKTTVLELTYNYGVTEYSKGNAYAQVAIGTNDVYKSAEAVDLATKELGGKILRQPGPLPGINTKIASFVDPDGWKVELVDNTDFLKELH,00000000000000000000000000000000000000000000000000000000000000000000000000000000000000100000000000000000000000000000000000000000000000100000000000010000000000000000000000000000000000000000000000000010000000000000000000000000000000000000000000000000000000000000000000000000000000000
GQIQLWQFLLELLSDSANASCITWEGTNGEFKMTDPDEVARRWGERKSKPNMNYDKLSRALRYYYDKNIMTKVHGKRYAYKFDFHGIAQALQP,000000000000000000000000000000000000000000000000000000000000000000000000000000000010100000000
GNPFQANVEMKTFMERFNLTHHHQSGIYVDLGQDKEVDGTLYREPAGLCPIWGKHIELQQPDRPPYRNNFLEDVPTEKEYKQSGNPLPGGFNLNFVTPSGQRISPFPMELLEKNSNIKASTDLGRCAEFAFKTVAMDKNNKATKYRYPFVYDSKKRLCHILYVSMQLMEGKKYCSVKGEPPDLTWYCFKPRKSVTENHHLIYGSAYVGENPDAFISKCPNQALRGYRFGVWKKGRCLDYTELTDTVIERVESKAQCWVKTFENDGVASDQPGQPHSGGVGRNYGFYYVDTTGEGKCALSDQVPDCLVSDSAAVSYTAAGSLSEETPNFIIPSNPSVTPPTTALQCPDSFGACDVQACKRQKTSCVGGQIQSTSV,00000000000000100000110000000000010000000010000000000000000000000000000000000000000000000000000000000000000000000000000000000000000000000000000000000000000000000000000000000000000000000000000000000100000000000000000010000000000000000000000000000000000000000000000000000000001000000000000000000000000000000000000000000000000000000000000000000000000000000000000000000000000000
KRIKGSCTSILVGKKASIDGSTLISRNDPGHEALDPQRFVVVNPEDQPRDYTSVISKVNVKLPDDPQRYTSIPNSILTNGIWPAAGINSSNVAMSATETITTNSRVQGLDPFVENGLGEEDLVTVVLPYVKSAREGVKRLGSLLEEYGTYEPNGISFADNEEVWWLETIGGHHWAAVRIPDDAYVVAPNRMNIDQFDFDSDDTLCSSDLKDLIDNNNLNPDFENYNLRHIFGSASIKDTVYNNPRTWYGQKFFSPDDTADDPMEQDLPFICHANRKISVEDVKFVLSSHFENTKYDVYGSGSQSDKTLFRPIGINRNHNVHILQIRNNVPTEIAGIHWLAYGANTFNTVVPFYANVNDTPVQYKNATGKFDLNNMYWLSCTTALLGDTDYDFYVDMRNDYELDAMSAYRKIQNDTDADISGQKDIEKYLENANKKLADVAFEKQNKLLGDMVTTGSNNMKLRYNLND,00000000000000000000000000000000000000000000000000000000000000000000000000000000000000000000000000000000000000000000000000000000000000000000000000000000000000000000000000000000000001000000000000000000000000000000000000000000000000000000000000000000000000000000000000000001000000000000000000000000000000000000000000000000000000000000000000000000000000000000000000000000000000000000000000000000000000000000000000000000000000000000000000000000000000000000000000000000000
QKTGILLVAFGTSVEEARPALDKMGDRVRAAHPDIPVRWAYTAKMIRAKLRAEGIAAPSPAEALAGMAEEGFTHVAVQSLHTIPGEEFHGLLETAHAFQGLPKGLTRVSVGLPLIGTTADAEAVAEALVASLPADRKPGEPVVFMGHGTPHPADICYPGLQYYLWRLDPDLLVGTVEGSPSFDNVMAELDVRKAKRVWLMPLMAVAGDHARNDMAGDEDDSWTSQLARRGIEAKPVLHGTAESDAVAAIWLRHLDDALARLN,0000000000000000000000000000000000000000000000000000000000000000000000000000000000000000000000000000000000000000000000000000000000000000000000000010000000000000000000000000000010000000000000000000000000000000100000000000000000000000000000000000000000000000000000
RAAFHGEVVRPACTLAMEDAWQIIDMGETPVRDLQNGFSGPERKFSLRLRNCEFNSQGGNLFSDSRIRVTFDGVRGETPDKFNLSGQAKGINLQIADVRGNIARAGKVMPAIPLTGNEEALDYTLRIVRNGKKLEAGNYFAVLGFRVDYE,000010000000000000000000000000000000000000000000000000000000000000000000000000000000000000000000000000000000000000000000000000000000000000000000000000
NNAMSVVILAAGKGTRMYSDLPKVLHTLAGKAMVQHVIDAANELGAAHVHLVYGHGGDLLKQALKDDNLNWVLQAEQLGTGHAMQQAAPFFADDEDILMLYGDVPLISVETLQRLRDAKPQGGIGLLTVKLDDPTGYGRITRENGKVTGIVEHKDATDEQRQIQEINTGILIANGADMKRWLAKLTNNNAQGEYYITDIIALAYQEGREIVAVHPQRLSEVEGVNNRLQLSRLERVYQSEQAEKLLLAGVMLRDPARFDLRGTLTHGRDVEIDTNVIIEGNVTLGHRVKIGTGCVIKNSVIGDDCEISPYTVVEDANLAAACTIGPFARLRPGAELLEGAHVGNFVEMKKARLGKGSKAGHLTYLGDAEIGDNVNIGAGTITCNYDGANKFKTIIGDDVFVGSDTQLVAPVTVGKGATIAAGTTVTRNVGENALAISRVPQTQKEGWRRP,000000001111000100000010000000000000000000000000000000000000000000000000010010110010000000000000000011100000000000000000000000000000000011000000000000010000000000000011000000000000000000000000001110000000000000000000000000001000000000000000000000000000000000000000000000000000000000000000000000000000000000000000000000000000000000100000000000000000100000000100100100000000001001000011100001000000000001100000000000000001100000000000000101000001001000
GGIMVELLKLVRSSGCAAKVGPGDLQEILKGFNIYTDESTLVSIGDDAGVYEHNGIIWVYTVDIITPVVNDPYLWGAISTANALSDVYAMGGIPVNALAISCFNNCELDIEIFREVIRGALDKLREAKTVLLGGHTIDDKEPKFGLSVAGICPEGKYITQSGAQVGQLLILTKPIGTGILIKGLKEGILKEEDINEAIENMLALNDKARNLMLSLDATACTDVTGFGLLGHAWNICKNSNIGARIFFEKVPYYQLSENLVKKKIYPKGAIENLNFVKNYLKSNLDNWKLILLSDPVTSGGLLFTINKEKLEKIDETAKELEVNYWIIGETIAENVLEVL,000000000000000000100000100010000000000000011110000000000000001000000000000000000000010000000000001010000000000000000000000000000000111100000000000000000000000000000000000000000000000000000000000000000000000000000000000000011100000000000000000000000000000000000000000000000000000000000000000000000000000000000000000000000000000000000000000
SARTSITRREYDEWVREAAALGKALRYPITEKMVNDSAGIVFGADQYDAFKNGMWSGEPYEAMIIFESLNEPAVDGLPTGAAPYAEYSGLCDKLMIVHPGKFCPPHHHGRKTESYEVVLGEMEVFYSPTPSAESGVELLNFSGMPVGSPWPEGVALPKGRESSYEKLTSYVRLRAGDPKFVMHRKHLHAFRCPPDSDVPLVVRQVSTYSHEPTEAAAGNHAPIPSWLGMHDNDFVSDAANTGRLQTAIS,000000010011000100000000000000001111110000000000000000000000000011101100000000000000000000001000000000100101001010000000000000101010000000000000000001000000000000011100000000000000000000110100000000000001000000101010000000000000000000000000001000000
LKIRDAYTIVTCPGRNFVTLKIVTESGTHGIGDATLNGREMAVAAYLDEHVVPALIGRDAGRIEDTWQYLYRGAYWRRGPVTMTAIAAVDMALWDIKAKAAGMPLYQLLGGKSRERVMTYAHCTGQTIEDCLGEVARHVELGYRAVRVQSGVPGIETTYGVYEPADSSLPAEHVWSTEKYLNHAPKLFAAVRERFGDDLHVLHDVHHRLTPIEAARLGKAVEPYHLFWLEDCVPAENQESLRLIREHTTTPLAIGEVFNSIHDCRELIQNQWIDYIRMPLTHGGGITAMRRVADLASLYHVRTGFHGPTDLSPVCLGAAIHFDTWVPNFGIQEHMPHTDETDAVFPHDYRFEDGHFLAGESPGHGVDIDEELAAKYPYERASLPVNRLEDGTLWHW,000000000000000000000000000000000000100000000000000000000000000000000000001100000000000000000000000000000000000000000000000000000000000000000000000000000000001000000000000000000000000000000000000000000001010000000000000000000000010000000000000000000000000100000000000000000000100000000000000000000000000001010100000000000000000000001000000000000000000000000000000000000000000000000010000000000001
KDLVDTTEMYLRTIYELEEEGVTPLRARIAERLEQSGPTVSQTVARMERDGLVVVASDRSLQMTPTGRTLATAVMRKHRLAERLLTDIIGLDINKVHDEACRWEHVMSDEVERRLVKVLKDVSRSPFGNPIPGLDELGVIVQINEIFQVETDQFTQLLDAVELLDDLAHTIRI,00000000100100000000000000000000000000000000000000000000000000000000000000000100010000000000000010001001100000000000000000000000000000000000000010010000000000000000000000000
MSIEERLEALEKEIQKMKDIEEIKKLKGQYFRCLDGKFWDELETTLSPNIVTSYKLVFHGPKEVTDYFKKAMPREEISMHMGHTPEITIDSETTATGRWYLEDKLIFTEESKYAGSGVNGGAFYTDKYEKVDGKWYILETGYLRVYEEHFMRDPKIKITMNMHKT,000000000000000000000000000000000000000000000000000000000000000000000000000000000010000000000000000000000000000000000000000000000000000000000000000000000000000000000
DLGDRGVLKELYTLLNENYVEDDDNMFRFDYSPEFLLWALRPPGWLPQWHCGVRGFISAIPANIHIYDTEKKMVEINFLCVHKKLRSKRVAPVLIREITRRVHLEGIFQAVYTAGVVLPKPVGTCRYWHRSLNPRKLIEVKFSHLSRNMTMQRTMKLYRLPETPKTAGLRPMETKDIPVVHQLLTRYLKQFHLTPVMSQEEVEHWFYPQENIIDTFVVENANGEVTDFLSFYTLPSTIMNTHKSLKAAYSFYNVHTQTPLLDLMSDALVLAKMKGFDVFNALDLMENKTFLEKLKFGIGDGNLQYYLYNWKCPSMGAEKVGIVLQ,0000000000000000000000000000000000000000000000000000000000000000000000000000000000000000000000000000000000000000000000000000000000000000000000000000000000000000000000000000000000000001000000000000000000000100000000000000000000010000000000000000000000011100000000000000000000000000000000000000000000000000000000000000000000000
RPFVEMYSEIPEIIHMTEGRELVIPCRVTSPNITVTLKKFPLDTLIPDGKRIIWDSRKGFIISNATYKEIGLLTCEATVNGHLYKTNYLTHRQ,000000000000001000000000000000000000000000000000000000000000000000000000000000000100000000100
VVRLPLASIRPNPRQPRKRFAEESLKELADSIREKGLLQPLLVRPQGDGYELVAGERRYRAALMAGLQEVPAVVKDLTDREALELALVENLQREDLSPVEEARGYQALLEMGLTQEEVARRVGKARSTVANALRLLQLPPEALEALERGEITAGHARALLMLEPEDRLWGLKEILEKGLSVRQAEAL,0000000000000111000000000000000000000000000000000000000001000000000000000000000000000000000000000000000000000000000000000000000000000000000000000000000000000000000000000000000000000000000
QIQPKPGFCVKTNSSEGKVFINICHSPSIPPPADVTEDELLQMLEEDQAGFRIPMSLGEPHAELDAKGQGCTAYDVAVNSNFYLRMQNSDFLRELVVTIAREGLEDKYGLQLNPEWRMLKYRSFLGSISQQNI,0000000000000000000000000000000000000000010010100000000000000000000000000000000000000000000000000000010000000000000000000000000000000
LTLAAHKTLPRRKLVLVVLDGVGIGPRDEYDAVHVAKTPLMDALFNDPKHFRSICAHGTAVGLPTDADMGNSEVGHNALGAGRVVLQGASLVDDALESGEIFTSEGYRYLHGAFSQPGRTLHLIGLLSDGGVHSRDNQVYQILKHAGANGAKRIRVHALYDGRDVPDKTSFKFTDELEEVLAKLREGGCDARIASGGGRMFVTMDRYEADWSIVERGWRAQVLGEGRAFKSAREALTKFREEDANISDQYYPPFVIAGDDGRPIGTIEDGDAVLCFNFRGDRVIEMSRAFEEEEFDKFNRVRLPKVRYAGMMRYDGDLGIPNNFLVPPPKLTRTSEEYLIGSGCNIFALSETQKFGHVTYFWNGNRSGKLSEERETFCEIPSDRVQFNQKPLMKSKEITDAAVDAIKSGKYDMIRINYPNGDMVGHTGDLKATITSLEAVDQSLQRLKEAVDSVNGVFLITADHGNSDDMVQRDKKGKPVRDAEGNLMPLTSHTLAPVPVFIGGAGLDPRVQMRTDLPRAGLANVTATFINLMGFEAPSDYEPSLIEVA,000000000000000000010000000000000000000000000000000000000000000000000001000000000000000000000000000000000000000000000000000000000000000000000000000000000000000000000000000000000000000000000000000000000000000000000000000000000000000000000000000000000000000000000000000000000000000000000000000000000000000000000000000010000000000000000000000000000000000001000000000000000000000000000000000000000000000000000000000000000000010001000000000000000000000000000000000000110000000000000000000000000000100000000000000000000000000000000000000000000000000000000
MFLKRLDVIGFKSFARISVDFVKGVTAVVGPNGSGKSNITDAIRWVLGRGGMEDIIFAGSDSRKRLNLAEVTLTLDNDDHFLPIDFHEVSVTRRVYRSGEEFLINNQPCRLKDIIDLFMGKAFSIISQGKVEEILSSKAEDRRSIFEEAAGVLKYKTRKKKAENKLFETQDNLNRVEDILHELEGQVEIDEFERVNERYKFLSEQKEDLTEAKNTLFQVIEEMDEEMTKRFNDTFVQIRSHFDQVFRSLFGGGRAELRLTDPNLHSGVEIIAQPPKKLNLNLLSGGERALTAIALLFSILKVRPVPFCVLDQVEAALDEANVFRFAQYLKKYSSDTQFIVITHRKGTMEEADVLYGVTMQESGVSKVISVK,00000000000100000000000000000011101111000000000010000100000000000000000000000000000000000000000000000000000000000000000000000001000000000000000000000000000000000000000000000000000000000000000000000000000000000000000000000000000000000000000000000000000000000000000000000000000100000101001000000000000000000000000100000000000000000000000000000000000000000000000000000000000
MSVERGTSNSASYKMFLTHGGSPISYFHDVPLFADATNNCYNMIVEIPRWTNAKMEICKEELMNPIKHDVKNNKLRYIYNVFPHKGYIWNYGALPQTWEDPSYVDEDTKAKGDNDPIDVCEIGSKIWPSGSVIPVKVLGILGMIDEGETDWKVIAINVADPMAEKLNDILDVDAHMPGFLKATRDWFKYYKVPAGKPENSFAFNGEFKNKEFAAKIISKTHEHWQKLISTKVEAGPIIRANVTVKGSPYMVSKEDFIDALQKHEDFKRGSEPTDQAIEQWHFC,0000000000000000000000000000000000000000000000000000000100000000000000000000000000000000001000000000000000000000100001000000000000000000000000001000010100000000000000000000000000000000000001000000000000000000000000000000000000000000000000000000000000000000000000000000000000000000000
IVGGTASVRGEWPWQVTLHTTSPTQRHLCGGSIIGNQWILTAAHCFYGVESPKILRVYSGILQQSEIKEDTSFFGVQEIIIHDQYKMAESGYDIALLKLETTVQYTDSQRPISLPSKGDRNVIYTDCWVTGWGYRKLRDKIQNTLQKAKIPLVTNEECQKRYRGHKITHKMICAGYREGGKDACKGDAGGPLSCKHNEVWHLVGITSWGEGCAQRERPGVYTNVVEYVDWILEKTQ,00000000000000000000000000000000000000000000000000000000000000000000000000000000000000000000000000000000100000000000000000000000000000000000000000000000000000000000000000000000000000000000000000000000000000000000000000000000000000000000
AKHLFTSESVSEGHPDKIADQISDAVLDAILEQDPKARVACETYVKTGMVLVGGEITTSAWVDIEEITRNTVREIGYVHSDMGFDANSCAVLSAIGKQSPDRADPLEQGAGDQGLMFGYATNETDVLMPAPITYAHRLVQRQAEVRKNGTLPWLRPDAKSQVTFQYDDGKIVGIDAVVLSTQHSEEIDQKSLQEAVMEEIIKPILPAEWLTSATKFFINPTGRFVIGGPMGDCGLTGRKIIVDTYGGMARHGGGAFSGKDPSKVDRSAAYAARYVAKNIVAAGLADRCEIQVSYAIGVAEPTSIMVETFGTEKVPSEQLTLLVREFFDLRPYGLIQMLDLLHPIYKETAAYGHFGREHFPWEKTDKAQLLRDAAGLK,00000000000000000000000000000000000000000000000000000000000000000000000000000000000000000000000000000000000000010000000000000000000000000000000000000000000000100000000000000000000000000000000000000000000000000000000000000000000000000000000000000000000000000000000010000000000000000000000000000000000000000000000000000000000000000000000000000000000000000000000000000000000000000
FHSFSFYELKNVTNNFDERPISVGGNKMGEGGFGVVYKGYVNNTTVAVKKLAAITTEELKQQFDQEIKVMAKCQHENLVELLGFSSDGDDLCLVYVYMPNGSLLDRLSCLDGTPPLSWHMRCKIAQGAANGINFLHENHHIHRDIKSANILLDEAFTAKISDFVGTTAYMAPEALRGEITPKSDIYSFGVVLLEIITGLPAVDEHREPQLLLDIKEEIEDEEKTIEDYIDKKMNDADSTSVEAMYSVASQCLHEKKNKRPDIKKVQQLLQEMTA,0000000000000000000000000001000000010000000000101000000000000000010001000000001000000000000000111100000000000000000000000000000000000010000011000000001000000001111000000000000000000000000000000000000000000000000000000000000000000000000000000000000000000000000000000000000000
DNFNYKNDTKIIFGKDNYSEIGKNIKIFSKKTPKILLHYEADGELIKKLGIYEKVISSLKEFDIEFIELGGVVPNPRLSLVYEGIKICKEENITFILAVGGASVIDSAKAISLGAVDNGDVWDFFTAKRIPQDTLGIGVVLTIPGAGSEMSESSIITDENKKQKAVCDTEVNFPKFAILNPEVCYTIPDRLMAAGIVDILSHLMERYFTKSIDTALSDSLIEATMKIVIKYGPLLMKDRKNYNYCSQIMWAATMAHNGMIACGRVADWASHRIEHEISGIYDLTHGIGMAIIFPAWMKYTKNIRPQIFEKFFKEVFNTVNIDEGINKLEEFFKSLGINLKLSDYGITEEYFSLMAEKALGNSETLGRFMQLNKQDIINILNLAK,000000000000000000000000000000000000000000000000000000000000000000000000000000000000000000000000000011100100000000000000000000000000000000000110010100101010000000000000000000000000001001100010000000000000000000000000000000000000000000000000000000000000000000000000000000000000000000000000000000000000000000000000000000000000000000000000000000000000000000000000000000000000000000000000
KLRNVMYYGDWSIWGGQGNFYPKDIPADKLTHLNFAFMDFNSSGELIYCDKDAAIGHPLGNLGVTYGDVNGGILNAFQVLKSENPNLKIGVSLGGWSKSGDFSTIAATPSIRAKFVENVMKFIKYTNMDFVDIDWEYPGDYREPDKTDNINDEGTPNASAGDKENYILLLQDLKEALNKQGKELGKVYELSVALPAGVSKIEKGIDVDKLFNIVDFANIMTYDMAGAWSTTSGHQTALYTNPNAPEEYKGLSVDESVKYYISQGAEREKIVVGAAYYTRGWEQVSDKGTDPNNPGLFGEAAVVNKDADLSPTPGALNEAPMKNGEGGRAGGVWGYNALDKLKSKYTGLKEYWDDSAKAPYLYNSETGAFFTYDNIRSIQEKAKYVKENNLGGIIGWMASQDATTNSTKRDELTTATKESLFGKEDLPKYEIKYTENDITCTVTPVKQSWGSGGVLKMSITNNEKLDESGEVLSTVETSAKTVKNMKVYIKTDGIAITGSQYPAGPVTKEGDYYVIDFGKISDGKLMKAGITFTFDLNLDKAIEDTNNIISIEVSQRMYQTSPEFNRQTIWENT,000000000110000000000000000000000000100000000000100000000000000000000000000000000000000000000001000000000000000000000000000000000000000100000100000100000000000000000000000000000000000000000000000000000000000000000000000101100001000000000000000000000000000000000000000000000000100000000000000000000000000000000000000000000000000000000000000000000000000000000000000000000000000000000000000000000001000000000000000000000000000000000000000000000000000000000000000000000000000000000000000000000000000000000000000000000000000000000000000000000000000000000000000000000000000000000
